index,Ticker,Close,Volume,Date
0,GOOG,27.846546173095703,262719,2014-03-27
1,GOOG,27.92283821105957,824257,2014-03-28
2,GOOG,27.77225112915039,216593,2014-03-31
3,GOOG,28.28035545349121,158434,2014-04-01
4,GOOG,28.27237892150879,2942055,2014-04-02
5,GOOG,28.40900230407715,101983228,2014-04-03
6,GOOG,27.082645416259766,127386783,2014-04-04
7,GOOG,26.83382797241211,88033033,2014-04-07
8,GOOG,27.669034957885742,63024560,2014-04-08
9,GOOG,28.129770278930664,66616395,2014-04-09
10,GOOG,26.97344398498535,80737057,2014-04-10
11,GOOG,26.457361221313477,78496923,2014-04-11
12,GOOG,26.553098678588867,51501009,2014-04-14
13,GOOG,26.74856185913086,77101101,2014-04-15
14,GOOG,27.750810623168945,97865955,2014-04-16
15,GOOG,26.73160743713379,136190888,2014-04-17
16,GOOG,26.358631134033203,51334553,2014-04-21
17,GOOG,26.667285919189453,47307527,2014-04-22
18,GOOG,26.27486228942871,41046384,2014-04-23
19,GOOG,26.186105728149414,37663121,2014-04-24
20,GOOG,25.73833465576172,42007014,2014-04-25
21,GOOG,25.78670310974121,66710653,2014-04-28
22,GOOG,26.31275749206543,53981801,2014-04-29
23,GOOG,26.260900497436523,35023895,2014-04-30
24,GOOG,26.49475860595703,38110345,2014-05-01
25,GOOG,26.32422637939453,33770463,2014-05-02
26,GOOG,26.3182430267334,20482080,2014-05-05
27,GOOG,25.686477661132812,33780490,2014-05-06
28,GOOG,25.428186416625977,64486563,2014-05-07
29,GOOG,25.480045318603516,40426688,2014-05-08
30,GOOG,25.86548614501953,48789585,2014-05-09
31,GOOG,26.42345428466797,38250730,2014-05-12
32,GOOG,26.581520080566406,33068541,2014-05-13
33,GOOG,26.26040267944336,23835261,2014-05-14
34,GOOG,25.927814483642578,34087331,2014-05-15
35,GOOG,25.96022605895996,29705333,2014-05-16
36,GOOG,26.3705997467041,25555972,2014-05-19
37,GOOG,26.41597557067871,35695734,2014-05-20
38,GOOG,26.873220443725586,23925508,2014-05-21
39,GOOG,27.178382873535156,32316482,2014-05-22
40,GOOG,27.559335708618164,38643806,2014-05-23
41,GOOG,28.220022201538086,42083223,2014-05-27
42,GOOG,28.00710678100586,33040464,2014-05-28
43,GOOG,27.927326202392578,27082150,2014-05-29
44,GOOG,27.9178524017334,35422988,2014-05-30
45,GOOG,27.62066650390625,28700582,2014-06-02
46,GOOG,27.17239761352539,37332215,2014-06-03
47,GOOG,27.158437728881836,36329469,2014-06-04
48,GOOG,27.619171142578125,33782496,2014-06-05
49,GOOG,27.740339279174805,34735104,2014-06-06
50,GOOG,28.02904510498047,29350361,2014-06-09
51,GOOG,27.950761795043945,27034019,2014-06-10
52,GOOG,27.865495681762695,22002242,2014-06-11
53,GOOG,27.492021560668945,29169867,2014-06-12
54,GOOG,27.51246452331543,24410836,2014-06-13
55,GOOG,27.139488220214844,34051232,2014-06-16
56,GOOG,27.076162338256836,28891103,2014-06-17
57,GOOG,27.592744827270508,34835379,2014-06-18
58,GOOG,27.669034957885742,49136535,2014-06-19
59,GOOG,27.74183464050293,90166875,2014-06-20
60,GOOG,28.17015838623047,30736155,2014-06-23
61,GOOG,28.153703689575195,44142862,2014-06-24
62,GOOG,28.853282928466797,39387843,2014-06-25
63,GOOG,28.721145629882812,34839390,2014-06-26
64,GOOG,28.782976150512695,44738493,2014-06-27
65,GOOG,28.685245513916016,26275943,2014-06-30
66,GOOG,29.053733825683594,28959290,2014-07-01
67,GOOG,29.037029266357422,21127848,2014-07-02
68,GOOG,29.156450271606445,14283107,2014-07-03
69,GOOG,29.03278923034668,21292298,2014-07-07
70,GOOG,28.476318359375,38190565,2014-07-08
71,GOOG,28.725135803222656,22335153,2014-07-09
72,GOOG,28.476816177368164,27134293,2014-07-10
73,GOOG,28.879711151123047,32434806,2014-07-11
74,GOOG,29.16343116760254,37081529,2014-07-14
75,GOOG,29.15894317626953,32460877,2014-07-15
76,GOOG,29.053234100341797,27942506,2014-07-16
77,GOOG,28.60795783996582,60331186,2014-07-17
78,GOOG,29.672534942626953,80283816,2014-07-18
79,GOOG,29.39280128479004,41242922,2014-07-21
80,GOOG,29.655580520629883,33983045,2014-07-22
81,GOOG,29.717411041259766,24663528,2014-07-23
82,GOOG,29.586271286010742,20702684,2014-07-24
83,GOOG,29.370363235473633,18649061,2014-07-25
84,GOOG,29.449146270751953,19736037,2014-07-28
85,GOOG,29.20033073425293,26997920,2014-07-29
86,GOOG,29.29058265686035,20329662,2014-07-30
87,GOOG,28.501747131347656,42055146,2014-07-31
88,GOOG,28.22600555419922,39105069,2014-08-01
89,GOOG,28.579036712646484,28546159,2014-08-04
90,GOOG,28.1761417388916,31024946,2014-08-05
91,GOOG,28.24116325378418,26687069,2014-08-06
92,GOOG,28.09087562561035,22218835,2014-08-07
93,GOOG,28.36063575744629,29895854,2014-08-08
94,GOOG,28.31625747680664,24294518,2014-08-11
95,GOOG,28.059463500976562,30840441,2014-08-12
96,GOOG,28.66031265258789,28784812,2014-08-13
97,GOOG,28.653831481933594,19709966,2014-08-14
98,GOOG,28.595491409301758,30383189,2014-08-15
99,GOOG,29.028303146362305,25682318,2014-08-18
100,GOOG,29.262659072875977,19573592,2014-08-19
101,GOOG,29.14448356628418,20734771,2014-08-20
102,GOOG,29.08863639831543,18296094,2014-08-21
103,GOOG,29.048248291015625,15781209,2014-08-22
104,GOOG,28.930570602416992,27228551,2014-08-25
105,GOOG,28.81389045715332,32793789,2014-08-26
106,GOOG,28.471830368041992,34067276,2014-08-27
107,GOOG,28.382076263427734,25858801,2014-08-28
108,GOOG,28.501747131347656,21675347,2014-08-29
109,GOOG,28.787464141845703,31568434,2014-09-02
110,GOOG,28.817880630493164,24302540,2014-09-03
111,GOOG,29.01932716369629,29163850,2014-09-04
112,GOOG,29.223766326904297,32647388,2014-09-05
113,GOOG,29.4052677154541,28620362,2014-09-08
114,GOOG,28.97096061706543,25744488,2014-09-09
115,GOOG,29.07517433166504,19547521,2014-09-10
116,GOOG,28.987913131713867,24420864,2014-09-11
117,GOOG,28.702198028564453,32033708,2014-09-12
118,GOOG,28.5765438079834,31951483,2014-09-15
119,GOOG,28.91810417175293,29607064,2014-09-16
120,GOOG,29.158445358276367,33856699,2014-09-17
121,GOOG,29.382829666137695,28891103,2014-09-18
122,GOOG,29.722396850585938,74732617,2014-09-19
123,GOOG,29.288089752197266,33790518,2014-09-22
124,GOOG,28.976943969726562,29428575,2014-09-23
125,GOOG,29.31900405883789,34562632,2014-09-24
126,GOOG,28.674274444580078,38519466,2014-09-25
127,GOOG,28.7759952545166,28873054,2014-09-26
128,GOOG,28.739097595214844,25648224,2014-09-29
129,GOOG,28.788959503173828,32434806,2014-09-30
130,GOOG,28.335704803466797,28909153,2014-10-01
131,GOOG,28.42595672607422,23568530,2014-10-02
132,GOOG,28.685245513916016,22834521,2014-10-03
133,GOOG,28.788461685180664,24292512,2014-10-06
134,GOOG,28.10982322692871,38226664,2014-10-07
135,GOOG,28.5466251373291,39817018,2014-10-08
136,GOOG,27.96721649169922,50496258,2014-10-09
137,GOOG,27.149959564208984,61638766,2014-10-10
138,GOOG,26.58750343322754,51633371,2014-10-13
139,GOOG,26.82335662841797,44451708,2014-10-14
140,GOOG,26.428939819335938,74387672,2014-10-15
141,GOOG,26.15369415283203,74171079,2014-10-16
142,GOOG,25.488521575927734,110787334,2014-10-17
143,GOOG,25.9706974029541,52150788,2014-10-20
144,GOOG,26.25491714477539,46725935,2014-10-21
145,GOOG,26.562572479248047,58385859,2014-10-22
146,GOOG,27.124530792236328,46976621,2014-10-23
147,GOOG,26.91510581970215,39462046,2014-10-24
148,GOOG,26.96446990966797,23706909,2014-10-27
149,GOOG,27.369855880737305,25419598,2014-10-28
150,GOOG,27.39129638671875,35410955,2014-10-29
151,GOOG,27.440162658691406,29113713,2014-10-30
152,GOOG,27.87746238708496,40701440,2014-10-31
153,GOOG,27.68499183654785,27645693,2014-11-03
154,GOOG,27.629642486572266,24884132,2014-11-04
155,GOOG,27.221263885498047,40645286,2014-11-05
156,GOOG,27.027795791625977,26665008,2014-11-06
157,GOOG,26.976436614990234,32675465,2014-11-07
158,GOOG,27.299549102783203,22692131,2014-11-10
159,GOOG,27.439165115356445,19310873,2014-11-11
160,GOOG,27.290573120117188,22593862,2014-11-12
161,GOOG,27.194337844848633,26787343,2014-11-13
162,GOOG,27.145471572875977,25790614,2014-11-14
163,GOOG,26.752052307128906,34520517,2014-11-17
164,GOOG,26.678255081176758,39253475,2014-11-18
165,GOOG,26.77598762512207,27844237,2014-11-19
166,GOOG,26.66828155517578,31267610,2014-11-20
167,GOOG,26.801416397094727,44485801,2014-11-21
168,GOOG,26.889673233032227,34127440,2014-11-24
169,GOOG,26.97992706298828,35798014,2014-11-25
170,GOOG,26.94452476501465,30459397,2014-11-26
171,GOOG,27.017324447631836,22966883,2014-11-28
172,GOOG,26.61692237854004,42307838,2014-12-01
173,GOOG,26.614429473876953,30533600,2014-12-02
174,GOOG,26.493263244628906,25559983,2014-12-03
175,GOOG,26.791942596435547,27842232,2014-12-04
176,GOOG,26.191091537475586,51312493,2014-12-05
177,GOOG,26.276857376098633,46587556,2014-12-08
178,GOOG,26.595481872558594,37426473,2014-12-09
179,GOOG,26.23098373413086,34245764,2014-12-10
180,GOOG,26.34467124938965,32216207,2014-12-11
181,GOOG,25.861995697021484,39891221,2014-12-12
182,GOOG,25.619661331176758,56268061,2014-12-15
183,GOOG,24.70168113708496,79285081,2014-12-16
184,GOOG,25.17538070678711,57663883,2014-12-17
185,GOOG,25.485031127929688,58534266,2014-12-18
186,GOOG,25.74681282043457,73804074,2014-12-19
187,GOOG,26.171646118164062,54475152,2014-12-22
188,GOOG,26.456863403320312,43952341,2014-12-23
189,GOOG,26.366111755371094,14118657,2014-12-24
190,GOOG,26.62839126586914,20810980,2014-12-26
191,GOOG,26.443897247314453,45570772,2014-12-29
192,GOOG,26.44838523864746,17525986,2014-12-30
193,GOOG,26.247936248779297,27364925,2014-12-31
194,GOOG,26.16865348815918,28951268,2015-01-02
195,GOOG,25.623151779174805,41196796,2015-01-05
196,GOOG,25.029281616210938,57998800,2015-01-06
197,GOOG,24.986400604248047,41301082,2015-01-07
198,GOOG,25.065183639526367,67071641,2015-01-08
199,GOOG,24.740575790405273,41427428,2015-01-09
200,GOOG,24.560070037841797,46535413,2015-01-12
201,GOOG,24.741073608398438,47409807,2015-01-13
202,GOOG,24.974931716918945,44714427,2015-01-14
203,GOOG,25.02080535888672,54316718,2015-01-15
204,GOOG,25.334444046020508,45965854,2015-01-16
205,GOOG,25.275606155395508,44640224,2015-01-20
206,GOOG,25.83108139038086,45374234,2015-01-21
207,GOOG,26.64634132385254,53538588,2015-01-22
208,GOOG,26.923580169677734,45634948,2015-01-23
209,GOOG,26.68722915649414,30874534,2015-01-26
210,GOOG,25.86050033569336,38080263,2015-01-27
211,GOOG,25.4301815032959,33676205,2015-01-28
212,GOOG,25.463090896606445,83727244,2015-01-29
213,GOOG,26.65282440185547,112127002,2015-01-30
214,GOOG,26.351652145385742,56996054,2015-02-02
215,GOOG,26.38954734802246,40773638,2015-02-03
216,GOOG,26.066434860229492,33273101,2015-02-04
217,GOOG,26.306774139404297,36995292,2015-02-05
218,GOOG,26.477306365966797,35270570,2015-02-06
219,GOOG,26.31924057006836,25355423,2015-02-09
220,GOOG,26.77349281311035,34997823,2015-02-10
221,GOOG,26.725126266479492,27555446,2015-02-11
222,GOOG,27.072172164916992,32404724,2015-02-12
223,GOOG,27.375341415405273,38006060,2015-02-13
224,GOOG,27.067686080932617,32336537,2015-02-17
225,GOOG,26.911115646362305,29061570,2015-02-18
226,GOOG,27.069181442260742,19782163,2015-02-19
227,GOOG,26.87371826171875,28887092,2015-02-20
228,GOOG,26.522682189941406,29157834,2015-02-23
229,GOOG,26.731109619140625,20101036,2015-02-24
230,GOOG,27.11904525756836,36519991,2015-02-25
231,GOOG,27.697954177856445,46230579,2015-02-26
232,GOOG,27.843555450439453,48203982,2015-02-27
233,GOOG,28.488784790039062,42592618,2015-03-02
234,GOOG,28.603469848632812,34095352,2015-03-03
235,GOOG,28.59000587463379,37536775,2015-03-04
236,GOOG,28.6877384185791,27792094,2015-03-05
237,GOOG,28.306533813476562,33182854,2015-03-06
238,GOOG,28.364625930786133,21242161,2015-03-09
239,GOOG,27.67452049255371,35846146,2015-03-10
240,GOOG,27.483543395996094,36415706,2015-03-11
241,GOOG,27.699451446533203,27792094,2015-03-12
242,GOOG,27.291072845458984,34071287,2015-03-13
243,GOOG,27.649587631225586,32819860,2015-03-16
244,GOOG,27.466590881347656,36110871,2015-03-17
245,GOOG,27.898405075073242,42690887,2015-03-18
246,GOOG,27.82311248779297,23945563,2015-03-19
247,GOOG,27.941286087036133,52337299,2015-03-20
248,GOOG,27.863998413085938,32876014,2015-03-23
249,GOOG,28.431440353393555,51665459,2015-03-24
250,GOOG,27.86275291442871,43045859,2015-03-25
251,GOOG,27.682498931884766,31452115,2015-03-26
252,GOOG,27.34193229675293,37949906,2015-03-27
253,GOOG,27.525928497314453,25750504,2015-03-30
254,GOOG,27.324979782104492,31760961,2015-03-31
255,GOOG,27.05372428894043,39261497,2015-04-01
256,GOOG,26.70318603515625,34327989,2015-04-02
257,GOOG,26.764766693115234,26488525,2015-04-06
258,GOOG,26.777481079101562,26057345,2015-04-07
259,GOOG,27.0063533782959,23570536,2015-04-08
260,GOOG,26.964967727661133,31157308,2015-04-09
261,GOOG,26.926572799682617,28189181,2015-04-10
262,GOOG,26.884687423706055,32906096,2015-04-13
263,GOOG,26.446889877319336,52082601,2015-04-14
264,GOOG,26.55359649658203,46376979,2015-04-15
265,GOOG,26.61692237854004,25997180,2015-04-16
266,GOOG,26.13075828552246,43037837,2015-04-17
267,GOOG,26.695707321166992,33585958,2015-04-20
268,GOOG,26.62540054321289,36895018,2015-04-21
269,GOOG,26.894411087036133,31871263,2015-04-22
270,GOOG,27.275115966796875,83697161,2015-04-23
271,GOOG,28.175643920898438,98650102,2015-04-24
272,GOOG,27.76849937438965,47960000,2015-04-27
273,GOOG,27.68400001525879,29820000,2015-04-28
274,GOOG,27.45400047302246,33976000,2015-04-29
275,GOOG,26.867000579833984,41644000,2015-04-30
276,GOOG,26.895000457763672,35364000,2015-05-01
277,GOOG,27.038999557495117,26160000,2015-05-04
278,GOOG,26.540000915527344,27662000,2015-05-05
279,GOOG,26.211000442504883,31340000,2015-05-06
280,GOOG,26.53499984741211,30926000,2015-05-07
281,GOOG,26.910999298095703,30552000,2015-05-08
282,GOOG,26.78499984741211,18106000,2015-05-11
283,GOOG,26.45199966430664,32684000,2015-05-12
284,GOOG,26.481000900268555,25046000,2015-05-13
285,GOOG,26.920000076293945,28078000,2015-05-14
286,GOOG,26.6924991607666,39426000,2015-05-15
287,GOOG,26.614999771118164,40068000,2015-05-18
288,GOOG,26.868000030517578,39338000,2015-05-19
289,GOOG,26.963499069213867,28616000,2015-05-20
290,GOOG,27.125499725341797,29254000,2015-05-21
291,GOOG,27.00550079345703,23524000,2015-05-22
292,GOOG,26.615999221801758,48130000,2015-05-26
293,GOOG,26.989500045776367,30500000,2015-05-27
294,GOOG,26.98900032043457,20596000,2015-05-28
295,GOOG,26.605499267578125,51948000,2015-05-29
296,GOOG,26.699499130249023,38086000,2015-06-01
297,GOOG,26.958999633789062,38780000,2015-06-02
298,GOOG,27.015499114990234,34340000,2015-06-03
299,GOOG,26.834999084472656,26966000,2015-06-04
300,GOOG,26.666500091552734,27764000,2015-06-05
301,GOOG,26.34149932861328,30412000,2015-06-08
302,GOOG,26.33449935913086,29106000,2015-06-09
303,GOOG,26.83449935913086,36300000,2015-06-10
304,GOOG,26.730499267578125,24350000,2015-06-11
305,GOOG,26.616500854492188,19116000,2015-06-12
306,GOOG,26.360000610351562,32654000,2015-06-15
307,GOOG,26.407499313354492,21436000,2015-06-16
308,GOOG,26.46299934387207,25884000,2015-06-17
309,GOOG,26.83650016784668,36662000,2015-06-18
310,GOOG,26.83449935913086,37870000,2015-06-19
311,GOOG,26.909500122070312,25006000,2015-06-22
312,GOOG,27.02400016784668,23950000,2015-06-23
313,GOOG,26.892000198364258,25732000,2015-06-24
314,GOOG,26.761499404907227,26714000,2015-06-25
315,GOOG,26.58449935913086,42182000,2015-06-26
316,GOOG,26.076000213623047,38756000,2015-06-29
317,GOOG,26.02549934387207,44344000,2015-06-30
318,GOOG,26.091999053955078,39220000,2015-07-01
319,GOOG,26.170000076293945,24718000,2015-07-02
320,GOOG,26.14299964904785,25610000,2015-07-06
321,GOOG,26.250999450683594,31944000,2015-07-07
322,GOOG,25.84149932861328,25934000,2015-07-08
323,GOOG,26.034000396728516,36846000,2015-07-09
324,GOOG,26.506500244140625,39134000,2015-07-10
325,GOOG,27.327499389648438,44130000,2015-07-13
326,GOOG,28.05500030517578,64882000,2015-07-14
327,GOOG,28.01099967956543,35692000,2015-07-15
328,GOOG,28.99250030517578,95366000,2015-07-16
329,GOOG,33.64649963378906,223298000,2015-07-17
330,GOOG,33.1510009765625,117218000,2015-07-20
331,GOOG,33.1150016784668,67544000,2015-07-21
332,GOOG,33.10499954223633,78586000,2015-07-22
333,GOOG,32.2140007019043,60582000,2015-07-23
334,GOOG,31.17799949645996,72514000,2015-07-24
335,GOOG,31.363000869750977,53508000,2015-07-27
336,GOOG,31.399999618530273,34546000,2015-07-28
337,GOOG,31.596500396728516,31502000,2015-07-29
338,GOOG,31.629499435424805,29484000,2015-07-30
339,GOOG,31.280500411987305,34122000,2015-07-31
340,GOOG,31.56049919128418,26090000,2015-08-03
341,GOOG,31.462499618530273,29818000,2015-08-04
342,GOOG,32.18899917602539,46686000,2015-08-05
343,GOOG,32.13399887084961,31452000,2015-08-06
344,GOOG,31.764999389648438,28078000,2015-08-07
345,GOOG,31.686500549316406,36184000,2015-08-10
346,GOOG,33.03900146484375,100584000,2015-08-11
347,GOOG,32.97800064086914,58734000,2015-08-12
348,GOOG,32.8224983215332,36214000,2015-08-13
349,GOOG,32.85599899291992,21442000,2015-08-14
350,GOOG,33.04349899291992,21034000,2015-08-17
351,GOOG,32.80649948120117,29122000,2015-08-18
352,GOOG,33.04499816894531,42682000,2015-08-19
353,GOOG,32.34149932861328,57106000,2015-08-20
354,GOOG,30.624000549316406,85304000,2015-08-21
355,GOOG,29.480499267578125,115406000,2015-08-24
356,GOOG,29.10300064086914,70760000,2015-08-25
357,GOOG,31.430999755859375,84718000,2015-08-26
358,GOOG,31.88050079345703,69826000,2015-08-27
359,GOOG,31.518999099731445,39574000,2015-08-28
360,GOOG,30.912500381469727,43534000,2015-08-31
361,GOOG,29.88949966430664,74042000,2015-09-01
362,GOOG,30.716999053955078,51512000,2015-09-02
363,GOOG,30.3125,35192000,2015-09-03
364,GOOG,30.03499984741211,41780000,2015-09-04
365,GOOG,30.732999801635742,45590000,2015-09-08
366,GOOG,30.63599967956543,34042000,2015-09-09
367,GOOG,31.0674991607666,38106000,2015-09-10
368,GOOG,31.28849983215332,27470000,2015-09-11
369,GOOG,31.16200065612793,34046000,2015-09-14
370,GOOG,31.756999969482422,41688000,2015-09-15
371,GOOG,31.798999786376953,25730000,2015-09-16
372,GOOG,32.14500045776367,45494000,2015-09-17
373,GOOG,31.462499618530273,102668000,2015-09-18
374,GOOG,31.77199935913086,35770000,2015-09-21
375,GOOG,31.13450050354004,51258000,2015-09-22
376,GOOG,31.118000030517578,29418000,2015-09-23
377,GOOG,31.290000915527344,44802000,2015-09-24
378,GOOG,30.598499298095703,43480000,2015-09-25
379,GOOG,29.74449920654297,62554000,2015-09-28
380,GOOG,29.74850082397461,46190000,2015-09-29
381,GOOG,30.42099952697754,48268000,2015-09-30
382,GOOG,30.56450080871582,37352000,2015-10-01
383,GOOG,31.345500946044922,53696000,2015-10-02
384,GOOG,32.07350158691406,36072000,2015-10-05
385,GOOG,32.27199935913086,43326000,2015-10-06
386,GOOG,32.11800003051758,41854000,2015-10-07
387,GOOG,31.95800018310547,43642000,2015-10-08
388,GOOG,32.18050003051758,32974000,2015-10-09
389,GOOG,32.333499908447266,25504000,2015-10-12
390,GOOG,32.6150016784668,36154000,2015-10-13
391,GOOG,32.55799865722656,28310000,2015-10-14
392,GOOG,33.08700180053711,37714000,2015-10-15
393,GOOG,33.11000061035156,32222000,2015-10-16
394,GOOG,33.30500030517578,29546000,2015-10-19
395,GOOG,32.513999938964844,49964000,2015-10-20
396,GOOG,32.13050079345703,35822000,2015-10-21
397,GOOG,32.589500427246094,81420000,2015-10-22
398,GOOG,35.099998474121094,133078000,2015-10-23
399,GOOG,35.638999938964844,54332000,2015-10-26
400,GOOG,35.42449951171875,44916000,2015-10-27
401,GOOG,35.647499084472656,43578000,2015-10-28
402,GOOG,35.84600067138672,29120000,2015-10-29
403,GOOG,35.54050064086914,38176000,2015-10-30
404,GOOG,36.05550003051758,37726000,2015-11-02
405,GOOG,36.108001708984375,31308000,2015-11-03
406,GOOG,36.40549850463867,34134000,2015-11-04
407,GOOG,36.5625,37232000,2015-11-05
408,GOOG,36.6879997253418,30232000,2015-11-06
409,GOOG,36.24449920654297,41396000,2015-11-09
410,GOOG,36.41600036621094,32160000,2015-11-10
411,GOOG,36.77000045776367,27328000,2015-11-11
412,GOOG,36.561500549316406,36744000,2015-11-12
413,GOOG,35.849998474121094,41510000,2015-11-13
414,GOOG,36.448001861572266,38118000,2015-11-16
415,GOOG,36.26499938964844,30218000,2015-11-17
416,GOOG,37.0,33686000,2015-11-18
417,GOOG,36.920501708984375,26542000,2015-11-19
418,GOOG,37.83000183105469,44246000,2015-11-20
419,GOOG,37.79899978637695,28290000,2015-11-23
420,GOOG,37.41400146484375,46662000,2015-11-24
421,GOOG,37.407501220703125,22442000,2015-11-25
422,GOOG,37.51300048828125,16770000,2015-11-27
423,GOOG,37.130001068115234,41952000,2015-11-30
424,GOOG,38.35200119018555,42692000,2015-12-01
425,GOOG,38.11899948120117,44608000,2015-12-02
426,GOOG,37.62699890136719,51812000,2015-12-03
427,GOOG,38.34049987792969,55146000,2015-12-04
428,GOOG,38.162498474121094,36246000,2015-12-07
429,GOOG,38.118499755859375,36590000,2015-12-08
430,GOOG,37.580501556396484,54000000,2015-12-09
431,GOOG,37.472999572753906,39768000,2015-12-10
432,GOOG,36.94350051879883,44488000,2015-12-11
433,GOOG,37.38850021362305,48250000,2015-12-14
434,GOOG,37.16999816894531,53324000,2015-12-15
435,GOOG,37.90449905395508,39866000,2015-12-16
436,GOOG,37.471500396728516,31068000,2015-12-17
437,GOOG,36.96549987792969,62974000,2015-12-18
438,GOOG,37.38850021362305,30514000,2015-12-21
439,GOOG,37.5,27308000,2015-12-22
440,GOOG,37.515499114990234,31318000,2015-12-23
441,GOOG,37.41999816894531,10544000,2015-12-24
442,GOOG,38.1254997253418,30306000,2015-12-28
443,GOOG,38.83000183105469,35300000,2015-12-29
444,GOOG,38.54999923706055,25866000,2015-12-30
445,GOOG,37.944000244140625,30018000,2015-12-31
446,GOOG,37.09199905395508,65456000,2016-01-04
447,GOOG,37.12900161743164,39014000,2016-01-05
448,GOOG,37.180999755859375,38940000,2016-01-06
449,GOOG,36.31949996948242,59274000,2016-01-07
450,GOOG,35.7234992980957,49018000,2016-01-08
451,GOOG,35.80149841308594,41812000,2016-01-11
452,GOOG,36.30350112915039,40490000,2016-01-12
453,GOOG,35.02799987792969,50034000,2016-01-13
454,GOOG,35.736000061035156,44516000,2016-01-14
455,GOOG,34.72249984741211,72162000,2016-01-15
456,GOOG,35.089500427246094,45362000,2016-01-19
457,GOOG,34.92250061035156,68900000,2016-01-20
458,GOOG,35.329498291015625,48244000,2016-01-21
459,GOOG,36.26250076293945,40236000,2016-01-22
460,GOOG,35.583499908447266,34234000,2016-01-25
461,GOOG,35.652000427246094,26634000,2016-01-26
462,GOOG,34.9995002746582,43884000,2016-01-27
463,GOOG,36.54800033569336,53528000,2016-01-28
464,GOOG,37.147499084472656,69486000,2016-01-29
465,GOOG,37.599998474121094,102784000,2016-02-01
466,GOOG,38.23249816894531,126962000,2016-02-02
467,GOOG,36.34749984741211,123420000,2016-02-03
468,GOOG,35.4005012512207,103374000,2016-02-04
469,GOOG,34.17850112915039,102114000,2016-02-05
470,GOOG,34.137001037597656,84948000,2016-02-08
471,GOOG,33.90549850463867,72178000,2016-02-09
472,GOOG,34.20600128173828,52760000,2016-02-10
473,GOOG,34.15549850463867,60480000,2016-02-11
474,GOOG,34.119998931884766,42828000,2016-02-12
475,GOOG,34.54999923706055,50400000,2016-02-16
476,GOOG,35.41999816894531,49852000,2016-02-17
477,GOOG,34.86750030517578,37664000,2016-02-18
478,GOOG,35.045501708984375,31786000,2016-02-19
479,GOOG,35.323001861572266,38996000,2016-02-22
480,GOOG,34.79249954223633,40186000,2016-02-23
481,GOOG,34.97800064086914,39272000,2016-02-24
482,GOOG,35.287498474121094,32844000,2016-02-25
483,GOOG,35.253501892089844,44870000,2016-02-26
484,GOOG,34.88850021362305,49622000,2016-02-29
485,GOOG,35.94049835205078,43028000,2016-03-01
486,GOOG,35.942501068115234,32580000,2016-03-02
487,GOOG,35.62099838256836,39160000,2016-03-03
488,GOOG,35.544498443603516,39442000,2016-03-04
489,GOOG,34.757999420166016,59702000,2016-03-07
490,GOOG,34.69850158691406,41526000,2016-03-08
491,GOOG,35.262001037597656,28430000,2016-03-09
492,GOOG,35.64099884033203,56670000,2016-03-10
493,GOOG,36.340999603271484,39416000,2016-03-11
494,GOOG,36.52450180053711,34366000,2016-03-14
495,GOOG,36.416500091552734,34420000,2016-03-15
496,GOOG,36.804500579833984,32488000,2016-03-16
497,GOOG,36.888999938964844,37216000,2016-03-17
498,GOOG,36.880001068115234,59614000,2016-03-18
499,GOOG,37.10449981689453,36730000,2016-03-21
500,GOOG,37.037498474121094,25394000,2016-03-22
501,GOOG,36.90299987792969,28642000,2016-03-23
502,GOOG,36.76499938964844,31898000,2016-03-24
503,GOOG,36.67649841308594,26026000,2016-03-28
504,GOOG,37.23849868774414,38076000,2016-03-29
505,GOOG,37.5265007019043,35648000,2016-03-30
506,GOOG,37.247501373291016,34376000,2016-03-31
507,GOOG,37.49549865722656,31534000,2016-04-01
508,GOOG,37.26449966430664,22684000,2016-04-04
509,GOOG,36.88999938964844,22646000,2016-04-05
510,GOOG,37.28450012207031,21074000,2016-04-06
511,GOOG,37.013999938964844,29064000,2016-04-07
512,GOOG,36.95750045776367,25816000,2016-04-08
513,GOOG,36.80500030517578,24402000,2016-04-11
514,GOOG,37.15449905395508,27060000,2016-04-12
515,GOOG,37.58599853515625,34142000,2016-04-13
516,GOOG,37.65999984741211,22706000,2016-04-14
517,GOOG,37.95000076293945,36186000,2016-04-15
518,GOOG,38.330501556396484,31176000,2016-04-18
519,GOOG,37.69649887084961,40610000,2016-04-19
520,GOOG,37.63349914550781,30584000,2016-04-20
521,GOOG,37.957000732421875,61210000,2016-04-21
522,GOOG,35.938499450683594,119038000,2016-04-22
523,GOOG,36.157501220703125,39184000,2016-04-25
524,GOOG,35.40700149536133,54892000,2016-04-26
525,GOOG,35.29199981689453,61972000,2016-04-27
526,GOOG,34.55099868774414,57346000,2016-04-28
527,GOOG,34.6505012512207,49754000,2016-04-29
528,GOOG,34.910499572753906,32906000,2016-05-02
529,GOOG,34.61800003051758,30876000,2016-05-03
530,GOOG,34.78499984741211,33870000,2016-05-04
531,GOOG,35.07149887084961,33670000,2016-05-05
532,GOOG,35.555999755859375,36586000,2016-05-06
533,GOOG,35.64500045776367,30206000,2016-05-09
534,GOOG,36.159000396728516,31392000,2016-05-10
535,GOOG,35.76449966430664,33842000,2016-05-11
536,GOOG,35.66550064086914,27214000,2016-05-12
537,GOOG,35.541500091552734,26290000,2016-05-13
538,GOOG,35.824501037597656,26342000,2016-05-16
539,GOOG,35.311500549316406,40024000,2016-05-17
540,GOOG,35.33150100708008,35336000,2016-05-18
541,GOOG,35.01599884033203,33404000,2016-05-19
542,GOOG,35.48699951171875,36568000,2016-05-20
543,GOOG,35.21200180053711,26614000,2016-05-23
544,GOOG,36.00450134277344,38590000,2016-05-24
545,GOOG,36.26350021362305,32584000,2016-05-25
546,GOOG,36.20600128173828,31526000,2016-05-26
547,GOOG,36.632999420166016,39500000,2016-05-27
548,GOOG,36.7859992980957,42590000,2016-05-31
549,GOOG,36.70750045776367,25072000,2016-06-01
550,GOOG,36.52000045776367,26836000,2016-06-02
551,GOOG,36.117000579833984,24526000,2016-06-03
552,GOOG,35.82749938964844,31306000,2016-06-06
553,GOOG,35.83250045776367,26724000,2016-06-07
554,GOOG,36.41400146484375,31674000,2016-06-08
555,GOOG,36.42900085449219,19778000,2016-06-09
556,GOOG,35.97050094604492,24328000,2016-06-10
557,GOOG,35.917999267578125,25178000,2016-06-13
558,GOOG,35.91350173950195,26122000,2016-06-14
559,GOOG,35.94599914550781,24290000,2016-06-15
560,GOOG,35.518001556396484,39650000,2016-06-16
561,GOOG,34.58599853515625,68048000,2016-06-17
562,GOOG,34.68550109863281,41650000,2016-06-20
563,GOOG,34.797000885009766,29312000,2016-06-21
564,GOOG,34.87300109863281,23686000,2016-06-22
565,GOOG,35.09349822998047,43428000,2016-06-23
566,GOOG,33.76100158691406,88980000,2016-06-24
567,GOOG,33.41299819946289,52580000,2016-06-27
568,GOOG,34.00199890136719,43476000,2016-06-28
569,GOOG,34.205501556396484,38652000,2016-06-29
570,GOOG,34.60499954223633,31954000,2016-06-30
571,GOOG,34.96049880981445,26894000,2016-07-01
572,GOOG,34.747501373291016,29252000,2016-07-05
573,GOOG,34.88850021362305,28238000,2016-07-06
574,GOOG,34.768001556396484,26084000,2016-07-07
575,GOOG,35.28150177001953,31504000,2016-07-08
576,GOOG,35.75450134277344,22236000,2016-07-11
577,GOOG,36.03200149536133,26738000,2016-07-12
578,GOOG,35.8489990234375,18718000,2016-07-13
579,GOOG,36.04750061035156,19004000,2016-07-14
580,GOOG,35.99250030517578,25586000,2016-07-15
581,GOOG,36.68899917602539,25910000,2016-07-18
582,GOOG,36.847999572753906,24550000,2016-07-19
583,GOOG,37.05950164794922,25794000,2016-07-20
584,GOOG,36.93149948120117,20526000,2016-07-21
585,GOOG,37.137001037597656,25196000,2016-07-22
586,GOOG,36.98849868774414,20648000,2016-07-25
587,GOOG,36.92100143432617,23734000,2016-07-26
588,GOOG,37.0885009765625,30250000,2016-07-27
589,GOOG,37.295501708984375,70604000,2016-07-28
590,GOOG,38.43949890136719,76830000,2016-07-29
591,GOOG,38.64400100708008,54010000,2016-08-01
592,GOOG,38.55350112915039,35690000,2016-08-02
593,GOOG,38.659000396728516,25748000,2016-08-03
594,GOOG,38.580501556396484,22806000,2016-08-04
595,GOOG,39.111000061035156,36024000,2016-08-05
596,GOOG,39.0880012512207,22158000,2016-08-08
597,GOOG,39.2130012512207,26378000,2016-08-09
598,GOOG,39.23400115966797,15728000,2016-08-10
599,GOOG,39.24250030517578,19502000,2016-08-11
600,GOOG,39.1609992980957,14810000,2016-08-12
601,GOOG,39.12200164794922,18764000,2016-08-15
602,GOOG,38.856998443603516,20560000,2016-08-16
603,GOOG,38.99549865722656,18484000,2016-08-17
604,GOOG,38.875,14388000,2016-08-18
605,GOOG,38.770999908447266,17230000,2016-08-19
606,GOOG,38.60749816894531,19028000,2016-08-22
607,GOOG,38.604000091552734,18564000,2016-08-23
608,GOOG,38.481998443603516,21440000,2016-08-24
609,GOOG,38.47050094604492,18538000,2016-08-25
610,GOOG,38.47700119018555,23334000,2016-08-26
611,GOOG,38.60749816894531,16952000,2016-08-29
612,GOOG,38.454498291015625,22600000,2016-08-30
613,GOOG,38.352500915527344,24972000,2016-08-31
614,GOOG,38.43899917602539,18502000,2016-09-01
615,GOOG,38.573001861572266,21454000,2016-09-02
616,GOOG,39.00400161743164,28856000,2016-09-06
617,GOOG,39.01750183105469,17874000,2016-09-07
618,GOOG,38.76599884033203,25406000,2016-09-08
619,GOOG,37.983001708984375,37710000,2016-09-09
620,GOOG,38.45100021362305,26220000,2016-09-12
621,GOOG,37.984500885009766,27900000,2016-09-13
622,GOOG,38.1245002746582,21748000,2016-09-14
623,GOOG,38.5880012512207,26102000,2016-09-15
624,GOOG,38.444000244140625,40986000,2016-09-16
625,GOOG,38.28499984741211,23456000,2016-09-19
626,GOOG,38.570499420166016,19572000,2016-09-20
627,GOOG,38.81100082397461,23356000,2016-09-21
628,GOOG,39.36050033569336,29724000,2016-09-22
629,GOOG,39.345001220703125,28238000,2016-09-23
630,GOOG,38.71049880981445,30664000,2016-09-26
631,GOOG,39.1505012512207,23064000,2016-09-27
632,GOOG,39.077999114990234,22196000,2016-09-28
633,GOOG,38.7504997253418,26294000,2016-09-29
634,GOOG,38.864498138427734,31706000,2016-09-30
635,GOOG,38.62799835205078,25576000,2016-10-03
636,GOOG,38.82149887084961,24028000,2016-10-04
637,GOOG,38.82350158691406,29224000,2016-10-05
638,GOOG,38.84299850463867,21414000,2016-10-06
639,GOOG,38.75400161743164,18664000,2016-10-07
640,GOOG,39.297000885009766,23498000,2016-10-10
641,GOOG,39.153499603271484,27450000,2016-10-11
642,GOOG,39.30699920654297,18748000,2016-10-12
643,GOOG,38.90950012207031,27306000,2016-10-13
644,GOOG,38.92649841308594,17050000,2016-10-14
645,GOOG,38.99800109863281,21860000,2016-10-17
646,GOOG,39.76300048828125,41138000,2016-10-18
647,GOOG,40.07500076293945,35336000,2016-10-19
648,GOOG,39.8484992980957,35150000,2016-10-20
649,GOOG,39.96849822998047,25324000,2016-10-21
650,GOOG,40.65549850463867,33950000,2016-10-24
651,GOOG,40.38349914550781,31528000,2016-10-25
652,GOOG,39.95349884033203,32954000,2016-10-26
653,GOOG,39.76750183105469,54984000,2016-10-27
654,GOOG,39.76850128173828,85398000,2016-10-28
655,GOOG,39.22700119018555,48546000,2016-10-31
656,GOOG,39.18050003051758,48128000,2016-11-01
657,GOOG,38.435001373291016,37448000,2016-11-02
658,GOOG,38.10649871826172,38864000,2016-11-03
659,GOOG,38.10100173950195,42696000,2016-11-04
660,GOOG,39.125999450683594,31702000,2016-11-07
661,GOOG,39.5255012512207,27338000,2016-11-08
662,GOOG,39.265499114990234,52142000,2016-11-09
663,GOOG,38.12799835205078,94904000,2016-11-10
664,GOOG,37.70100021362305,48636000,2016-11-11
665,GOOG,36.80400085449219,73088000,2016-11-14
666,GOOG,37.92449951171875,47680000,2016-11-15
667,GOOG,38.2239990234375,29452000,2016-11-16
668,GOOG,38.561500549316406,26080000,2016-11-17
669,GOOG,38.027000427246094,30942000,2016-11-18
670,GOOG,38.459999084472656,26612000,2016-11-21
671,GOOG,38.41350173950195,31862000,2016-11-22
672,GOOG,38.04949951171875,29568000,2016-11-23
673,GOOG,38.08399963378906,11748000,2016-11-25
674,GOOG,38.4119987487793,43764000,2016-11-28
675,GOOG,38.54199981689453,32332000,2016-11-29
676,GOOG,37.902000427246094,47858000,2016-11-30
677,GOOG,37.395999908447266,60358000,2016-12-01
678,GOOG,37.525001525878906,29050000,2016-12-02
679,GOOG,38.125999450683594,27884000,2016-12-05
680,GOOG,37.955501556396484,33814000,2016-12-06
681,GOOG,38.55950164794922,35220000,2016-12-07
682,GOOG,38.82099914550781,29762000,2016-12-08
683,GOOG,39.464500427246094,36438000,2016-12-09
684,GOOG,39.4635009765625,42082000,2016-12-12
685,GOOG,39.80500030517578,42904000,2016-12-13
686,GOOG,39.85350036621094,34084000,2016-12-14
687,GOOG,39.89250183105469,32530000,2016-12-15
688,GOOG,39.540000915527344,48876000,2016-12-16
689,GOOG,39.709999084472656,24642000,2016-12-19
690,GOOG,39.82099914550781,19020000,2016-12-20
691,GOOG,39.72800064086914,24226000,2016-12-21
692,GOOG,39.5629997253418,19444000,2016-12-22
693,GOOG,39.49549865722656,12468000,2016-12-23
694,GOOG,39.57749938964844,15782000,2016-12-27
695,GOOG,39.252498626708984,23076000,2016-12-28
696,GOOG,39.13949966430664,14886000,2016-12-29
697,GOOG,38.590999603271484,35400000,2016-12-30
698,GOOG,39.30699920654297,33146000,2017-01-03
699,GOOG,39.345001220703125,21460000,2017-01-04
700,GOOG,39.70100021362305,26704000,2017-01-05
701,GOOG,40.307498931884766,32804000,2017-01-06
702,GOOG,40.33250045776367,25492000,2017-01-09
703,GOOG,40.239498138427734,23536000,2017-01-10
704,GOOG,40.39550018310547,21318000,2017-01-11
705,GOOG,40.31800079345703,27062000,2017-01-12
706,GOOG,40.39400100708008,21984000,2017-01-13
707,GOOG,40.230499267578125,27242000,2017-01-17
708,GOOG,40.30350112915039,25888000,2017-01-18
709,GOOG,40.10874938964844,18386000,2017-01-19
710,GOOG,40.250999450683594,33400000,2017-01-20
711,GOOG,40.96549987792969,39272000,2017-01-23
712,GOOG,41.19350051879883,29480000,2017-01-24
713,GOOG,41.78350067138672,29890000,2017-01-25
714,GOOG,41.60749816894531,59478000,2017-01-26
715,GOOG,41.16550064086914,59316000,2017-01-27
716,GOOG,40.11600112915039,64932000,2017-01-30
717,GOOG,39.839500427246094,43212000,2017-01-31
718,GOOG,39.784751892089844,40594000,2017-02-01
719,GOOG,39.92649841308594,30642000,2017-02-02
720,GOOG,40.074501037597656,29268000,2017-02-03
721,GOOG,40.06700134277344,23690000,2017-02-06
722,GOOG,40.3484992980957,24824000,2017-02-07
723,GOOG,40.41899871826172,23106000,2017-02-08
724,GOOG,40.47800064086914,19794000,2017-02-09
725,GOOG,40.68349838256836,22700000,2017-02-10
726,GOOG,40.96200180053711,24266000,2017-02-13
727,GOOG,41.022499084472656,21094000,2017-02-14
728,GOOG,40.94900131225586,26272000,2017-02-15
729,GOOG,41.20800018310547,25752000,2017-02-16
730,GOOG,41.403499603271484,32220000,2017-02-17
731,GOOG,41.58300018310547,25246000,2017-02-21
732,GOOG,41.53799819946289,19658000,2017-02-22
733,GOOG,41.56650161743164,29456000,2017-02-23
734,GOOG,41.43199920654297,27844000,2017-02-24
735,GOOG,41.4640007019043,22030000,2017-02-27
736,GOOG,41.160499572753906,45216000,2017-02-28
737,GOOG,41.762001037597656,29930000,2017-03-01
738,GOOG,41.53150177001953,18850000,2017-03-02
739,GOOG,41.45399856567383,17928000,2017-03-03
740,GOOG,41.388999938964844,22180000,2017-03-06
741,GOOG,41.59550094604492,20752000,2017-03-07
742,GOOG,41.76850128173828,19796000,2017-03-08
743,GOOG,41.933998107910156,25230000,2017-03-09
744,GOOG,42.162498474121094,34080000,2017-03-10
745,GOOG,42.277000427246094,24472000,2017-03-13
746,GOOG,42.28099822998047,15598000,2017-03-14
747,GOOG,42.36000061035156,27630000,2017-03-15
748,GOOG,42.43899917602539,19552000,2017-03-16
749,GOOG,42.60599899291992,34246000,2017-03-17
750,GOOG,42.41999816894531,24630000,2017-03-20
751,GOOG,41.52299880981445,49270000,2017-03-21
752,GOOG,41.47949981689453,28030000,2017-03-22
753,GOOG,40.87900161743164,69742000,2017-03-23
754,GOOG,40.721500396728516,39620000,2017-03-24
755,GOOG,40.97549819946289,37886000,2017-03-27
756,GOOG,41.04600143432617,32410000,2017-03-28
757,GOOG,41.570499420166016,35726000,2017-03-29
758,GOOG,41.57500076293945,21106000,2017-03-30
759,GOOG,41.47800064086914,28038000,2017-03-31
760,GOOG,41.9275016784668,33430000,2017-04-03
761,GOOG,41.72850036621094,20908000,2017-04-04
762,GOOG,41.570499420166016,31106000,2017-04-05
763,GOOG,41.39400100708008,25088000,2017-04-06
764,GOOG,41.23350143432617,21146000,2017-04-07
765,GOOG,41.23649978637695,19578000,2017-04-10
766,GOOG,41.16749954223633,21594000,2017-04-11
767,GOOG,41.215999603271484,18010000,2017-04-12
768,GOOG,41.178001403808594,22448000,2017-04-13
769,GOOG,41.85850143432617,17900000,2017-04-17
770,GOOG,41.840999603271484,16734000,2017-04-18
771,GOOG,41.910499572753906,19084000,2017-04-19
772,GOOG,42.08250045776367,19180000,2017-04-20
773,GOOG,42.15950012207031,26472000,2017-04-21
774,GOOG,43.13800048828125,27450000,2017-04-24
775,GOOG,43.6150016784668,33440000,2017-04-25
776,GOOG,43.58649826049805,24744000,2017-04-26
777,GOOG,43.712501525878906,40536000,2017-04-27
778,GOOG,45.29800033569336,65526000,2017-04-28
779,GOOG,45.628501892089844,42320000,2017-05-01
780,GOOG,45.821998596191406,31744000,2017-05-02
781,GOOG,46.35200119018555,29990000,2017-05-03
782,GOOG,46.58300018310547,28442000,2017-05-04
783,GOOG,46.35649871826172,38226000,2017-05-05
784,GOOG,46.71500015258789,26596000,2017-05-08
785,GOOG,46.60850143432617,31636000,2017-05-09
786,GOOG,46.43899917602539,23478000,2017-05-10
787,GOOG,46.529998779296875,16700000,2017-05-11
788,GOOG,46.611000061035156,21012000,2017-05-12
789,GOOG,46.854000091552734,22162000,2017-05-15
790,GOOG,47.150001525878906,19390000,2017-05-16
791,GOOG,45.98099899291992,47242000,2017-05-17
792,GOOG,46.512001037597656,31938000,2017-05-18
793,GOOG,46.70050048828125,27860000,2017-05-19
794,GOOG,47.09299850463867,22408000,2017-05-22
795,GOOG,47.441001892089844,25416000,2017-05-23
796,GOOG,47.74800109863281,20496000,2017-05-24
797,GOOG,48.47700119018555,33210000,2017-05-25
798,GOOG,48.57350158691406,25040000,2017-05-26
799,GOOG,48.79399871826172,29334000,2017-05-30
800,GOOG,48.24300003051758,48962000,2017-05-31
801,GOOG,48.34749984741211,28210000,2017-06-01
802,GOOG,48.779998779296875,35020000,2017-06-02
803,GOOG,49.183998107910156,25042000,2017-06-05
804,GOOG,48.82849884033203,36292000,2017-06-06
805,GOOG,49.047000885009766,29078000,2017-06-07
806,GOOG,49.170501708984375,29638000,2017-06-08
807,GOOG,47.49150085449219,66188000,2017-06-09
808,GOOG,47.14500045776367,75270000,2017-06-12
809,GOOG,47.66999816894531,40266000,2017-06-13
810,GOOG,47.53799819946289,29794000,2017-06-14
811,GOOG,47.115501403808594,42662000,2017-06-15
812,GOOG,46.98899841308594,61894000,2017-06-16
813,GOOG,47.868499755859375,30666000,2017-06-19
814,GOOG,47.53150177001953,22520000,2017-06-20
815,GOOG,47.97249984741211,24044000,2017-06-21
816,GOOG,47.85449981689453,18828000,2017-06-22
817,GOOG,48.27949905395508,30558000,2017-06-23
818,GOOG,47.61349868774414,31968000,2017-06-26
819,GOOG,46.36650085449219,51598000,2017-06-27
820,GOOG,47.02450180053711,54428000,2017-06-28
821,GOOG,45.88949966430664,65984000,2017-06-29
822,GOOG,45.436500549316406,41804000,2017-06-30
823,GOOG,44.935001373291016,34196000,2017-07-03
824,GOOG,45.58549880981445,36278000,2017-07-05
825,GOOG,45.33449935913086,28490000,2017-07-06
826,GOOG,45.929500579833984,32756000,2017-07-07
827,GOOG,46.439998626708984,23856000,2017-07-10
828,GOOG,46.50450134277344,22264000,2017-07-11
829,GOOG,47.19150161743164,30642000,2017-07-12
830,GOOG,47.358001708984375,25894000,2017-07-13
831,GOOG,47.79949951171875,21076000,2017-07-14
832,GOOG,47.67100143432617,23310000,2017-07-17
833,GOOG,48.27000045776367,23080000,2017-07-18
834,GOOG,48.544498443603516,24490000,2017-07-19
835,GOOG,48.407501220703125,32490000,2017-07-20
836,GOOG,48.645999908447266,34220000,2017-07-21
837,GOOG,49.016998291015625,64966000,2017-07-24
838,GOOG,47.53499984741211,93220000,2017-07-25
839,GOOG,47.38999938964844,41766000,2017-07-26
840,GOOG,46.704498291015625,64260000,2017-07-27
841,GOOG,47.076499938964844,36928000,2017-07-28
842,GOOG,46.525001525878906,39402000,2017-07-31
843,GOOG,46.541500091552734,25554000,2017-08-01
844,GOOG,46.519500732421875,36488000,2017-08-02
845,GOOG,46.182498931884766,24050000,2017-08-03
846,GOOG,46.39799880981445,21646000,2017-08-04
847,GOOG,46.46799850463867,20644000,2017-08-07
848,GOOG,46.339500427246094,21232000,2017-08-08
849,GOOG,46.14500045776367,23842000,2017-08-09
850,GOOG,45.36199951171875,36480000,2017-08-10
851,GOOG,45.71950149536133,24136000,2017-08-11
852,GOOG,46.13349914550781,21290000,2017-08-14
853,GOOG,46.111000061035156,17668000,2017-08-15
854,GOOG,46.347999572753906,20134000,2017-08-16
855,GOOG,45.54899978637695,25544000,2017-08-17
856,GOOG,45.53350067138672,26854000,2017-08-18
857,GOOG,45.33300018310547,18868000,2017-08-21
858,GOOG,46.234500885009766,23334000,2017-08-22
859,GOOG,46.349998474121094,21804000,2017-08-23
860,GOOG,46.06399917602539,25406000,2017-08-24
861,GOOG,45.794498443603516,21068000,2017-08-25
862,GOOG,45.69049835205078,21730000,2017-08-28
863,GOOG,46.06449890136719,23712000,2017-08-29
864,GOOG,46.47850036621094,26024000,2017-08-30
865,GOOG,46.96649932861328,31652000,2017-08-31
866,GOOG,46.867000579833984,18948000,2017-09-01
867,GOOG,46.42250061035156,26528000,2017-09-05
868,GOOG,46.390499114990234,30554000,2017-09-06
869,GOOG,46.79750061035156,24254000,2017-09-07
870,GOOG,46.32500076293945,20230000,2017-09-08
871,GOOG,46.45399856567383,25340000,2017-09-11
872,GOOG,46.60350036621094,22688000,2017-09-12
873,GOOG,46.75450134277344,22052000,2017-09-13
874,GOOG,46.25550079345703,27952000,2017-09-14
875,GOOG,46.01449966430664,50108000,2017-09-15
876,GOOG,45.75,26138000,2017-09-18
877,GOOG,46.09049987792969,18734000,2017-09-19
878,GOOG,46.57899856567383,33396000,2017-09-20
879,GOOG,46.622501373291016,25812000,2017-09-21
880,GOOG,46.42649841308594,21054000,2017-09-22
881,GOOG,46.048500061035156,37136000,2017-09-25
882,GOOG,46.24300003051758,33338000,2017-09-26
883,GOOG,47.2244987487793,44788000,2017-09-27
884,GOOG,47.474998474121094,20406000,2017-09-28
885,GOOG,47.955501556396484,31620000,2017-09-29
886,GOOG,47.66350173950195,25668000,2017-10-02
887,GOOG,47.88949966430664,17766000,2017-10-03
888,GOOG,47.58399963378906,19048000,2017-10-04
889,GOOG,48.49800109863281,24276000,2017-10-05
890,GOOG,48.94449996948242,23478000,2017-10-06
891,GOOG,48.849998474121094,17828000,2017-10-09
892,GOOG,48.630001068115234,19368000,2017-10-10
893,GOOG,49.462501525878906,33866000,2017-10-11
894,GOOG,49.39149856567383,25248000,2017-10-12
895,GOOG,49.48400115966797,23396000,2017-10-13
896,GOOG,49.599998474121094,18210000,2017-10-16
897,GOOG,49.60900115966797,25804000,2017-10-17
898,GOOG,49.640499114990234,21152000,2017-10-18
899,GOOG,49.22249984741211,26272000,2017-10-19
900,GOOG,49.40999984741211,23664000,2017-10-20
901,GOOG,48.42250061035156,29568000,2017-10-23
902,GOOG,48.527000427246094,24244000,2017-10-24
903,GOOG,48.666500091552734,24226000,2017-10-25
904,GOOG,48.62799835205078,40842000,2017-10-26
905,GOOG,50.9635009765625,103354000,2017-10-27
906,GOOG,50.855499267578125,41702000,2017-10-30
907,GOOG,50.832000732421875,26614000,2017-10-31
908,GOOG,51.275001525878906,27468000,2017-11-01
909,GOOG,51.27899932861328,20980000,2017-11-02
910,GOOG,51.624000549316406,21528000,2017-11-03
911,GOOG,51.29499816894531,22504000,2017-11-06
912,GOOG,51.666500091552734,22246000,2017-11-07
913,GOOG,51.99250030517578,21774000,2017-11-08
914,GOOG,51.5629997253418,24904000,2017-11-09
915,GOOG,51.403499603271484,14400000,2017-11-10
916,GOOG,51.287498474121094,17716000,2017-11-13
917,GOOG,51.29999923706055,19184000,2017-11-14
918,GOOG,51.045501708984375,17080000,2017-11-15
919,GOOG,51.625,22594000,2017-11-16
920,GOOG,50.954498291015625,27942000,2017-11-17
921,GOOG,50.91899871826172,19070000,2017-11-20
922,GOOG,51.7244987487793,21940000,2017-11-21
923,GOOG,51.79800033569336,14926000,2017-11-22
924,GOOG,52.03049850463867,10740000,2017-11-24
925,GOOG,52.71049880981445,26158000,2017-11-27
926,GOOG,52.37049865722656,28488000,2017-11-28
927,GOOG,51.08300018310547,49188000,2017-11-29
928,GOOG,51.070499420166016,34480000,2017-11-30
929,GOOG,50.50849914550781,38192000,2017-12-01
930,GOOG,49.933998107910156,38128000,2017-12-04
931,GOOG,50.25749969482422,41346000,2017-12-05
932,GOOG,50.91899871826172,25440000,2017-12-06
933,GOOG,51.54650115966797,29164000,2017-12-07
934,GOOG,51.852500915527344,25816000,2017-12-08
935,GOOG,52.05500030517578,23856000,2017-12-11
936,GOOG,52.02399826049805,25590000,2017-12-12
937,GOOG,52.03049850463867,25654000,2017-12-13
938,GOOG,52.45750045776367,31174000,2017-12-14
939,GOOG,53.20949935913086,65518000,2017-12-15
940,GOOG,53.856998443603516,31092000,2017-12-18
941,GOOG,53.534000396728516,26774000,2017-12-19
942,GOOG,53.247501373291016,25372000,2017-12-20
943,GOOG,53.18149948120117,19914000,2017-12-21
944,GOOG,53.00600051879883,15102000,2017-12-22
945,GOOG,52.83700180053711,15212000,2017-12-26
946,GOOG,52.46849822998047,25438000,2017-12-27
947,GOOG,52.40700149536133,16742000,2017-12-28
948,GOOG,52.31999969482422,17750000,2017-12-29
949,GOOG,53.25,24752000,2018-01-02
950,GOOG,54.124000549316406,28604000,2018-01-03
951,GOOG,54.31999969482422,20092000,2018-01-04
952,GOOG,55.11149978637695,25582000,2018-01-05
953,GOOG,55.34700012207031,20952000,2018-01-08
954,GOOG,55.3129997253418,18050000,2018-01-09
955,GOOG,55.13050079345703,20856000,2018-01-10
956,GOOG,55.2760009765625,19566000,2018-01-11
957,GOOG,56.112998962402344,34410000,2018-01-12
958,GOOG,56.0880012512207,31506000,2018-01-16
959,GOOG,56.5989990234375,24052000,2018-01-17
960,GOOG,56.489498138427734,23964000,2018-01-18
961,GOOG,56.8754997253418,35564000,2018-01-19
962,GOOG,57.79050064086914,32360000,2018-01-22
963,GOOG,58.49850082397461,26662000,2018-01-23
964,GOOG,58.21200180053711,28332000,2018-01-24
965,GOOG,58.51850128173828,29610000,2018-01-25
966,GOOG,58.79199981689453,40376000,2018-01-26
967,GOOG,58.77899932861328,27578000,2018-01-29
968,GOOG,58.18450164794922,31126000,2018-01-30
969,GOOG,58.49700164794922,30774000,2018-01-31
970,GOOG,58.3849983215332,48242000,2018-02-01
971,GOOG,55.595001220703125,97158000,2018-02-02
972,GOOG,52.790000915527344,75966000,2018-02-05
973,GOOG,54.029998779296875,68960000,2018-02-06
974,GOOG,52.42900085449219,47384000,2018-02-07
975,GOOG,50.07600021362305,57182000,2018-02-08
976,GOOG,51.888999938964844,70118000,2018-02-09
977,GOOG,52.59700012207031,41154000,2018-02-12
978,GOOG,52.60499954223633,25302000,2018-02-13
979,GOOG,53.48500061035156,31116000,2018-02-14
980,GOOG,54.47600173950195,36868000,2018-02-15
981,GOOG,54.7400016784668,33590000,2018-02-16
982,GOOG,55.12300109863281,28462000,2018-02-20
983,GOOG,55.56700134277344,30258000,2018-02-21
984,GOOG,55.33150100708008,26344000,2018-02-22
985,GOOG,56.339500427246094,25220000,2018-02-23
986,GOOG,57.1875,31182000,2018-02-26
987,GOOG,55.91450119018555,35482000,2018-02-27
988,GOOG,55.23649978637695,37652000,2018-02-28
989,GOOG,53.47600173950195,50318000,2018-03-01
990,GOOG,53.94599914550781,45432000,2018-03-02
991,GOOG,54.54650115966797,24044000,2018-03-05
992,GOOG,54.75299835205078,30656000,2018-03-06
993,GOOG,55.481998443603516,25850000,2018-03-07
994,GOOG,56.29999923706055,27102000,2018-03-08
995,GOOG,58.00199890136719,42560000,2018-03-09
996,GOOG,58.224998474121094,43446000,2018-03-12
997,GOOG,56.90850067138672,38144000,2018-03-13
998,GOOG,57.4744987487793,25828000,2018-03-14
999,GOOG,57.479000091552734,27908000,2018-03-15
1000,GOOG,56.7864990234375,61840000,2018-03-16
1001,GOOG,54.99100112915039,56118000,2018-03-19
1002,GOOG,54.885501861572266,36638000,2018-03-20
1003,GOOG,54.54399871826172,37578000,2018-03-21
1004,GOOG,52.45399856567383,53340000,2018-03-22
1005,GOOG,51.07849884033203,43134000,2018-03-23
1006,GOOG,52.660499572753906,53302000,2018-03-26
1007,GOOG,50.255001068115234,61906000,2018-03-27
1008,GOOG,50.22800064086914,67386000,2018-03-28
1009,GOOG,51.589500427246094,54536000,2018-03-29
1010,GOOG,50.32350158691406,53608000,2018-04-02
1011,GOOG,50.670501708984375,45502000,2018-04-03
1012,GOOG,51.25699996948242,49694000,2018-04-04
1013,GOOG,51.390499114990234,27260000,2018-04-05
1014,GOOG,50.35200119018555,34928000,2018-04-06
1015,GOOG,50.772499084472656,35032000,2018-04-09
1016,GOOG,51.582000732421875,39490000,2018-04-10
1017,GOOG,50.99850082397461,29678000,2018-04-11
1018,GOOG,51.6254997253418,27140000,2018-04-12
1019,GOOG,51.4635009765625,24460000,2018-04-13
1020,GOOG,51.89899826049805,24224000,2018-04-16
1021,GOOG,53.70800018310547,46406000,2018-04-17
1022,GOOG,53.604000091552734,26882000,2018-04-18
1023,GOOG,54.3849983215332,34954000,2018-04-19
1024,GOOG,53.64799880981445,37794000,2018-04-20
1025,GOOG,53.372501373291016,46826000,2018-04-23
1026,GOOG,50.999000549316406,95206000,2018-04-24
1027,GOOG,51.058998107910156,47822000,2018-04-25
1028,GOOG,52.00199890136719,41590000,2018-04-26
1029,GOOG,51.502498626708984,32396000,2018-04-27
1030,GOOG,50.86650085449219,33426000,2018-04-30
1031,GOOG,51.865501403808594,28558000,2018-05-01
1032,GOOG,51.21900177001953,32062000,2018-05-02
1033,GOOG,51.18600082397461,36302000,2018-05-03
1034,GOOG,52.410499572753906,38774000,2018-05-04
1035,GOOG,52.739498138427734,29322000,2018-05-07
1036,GOOG,52.695499420166016,24354000,2018-05-08
1037,GOOG,54.13800048828125,40656000,2018-05-09
1038,GOOG,54.878501892089844,28860000,2018-05-10
1039,GOOG,54.91299819946289,25074000,2018-05-11
1040,GOOG,55.0099983215332,30362000,2018-05-14
1041,GOOG,53.96149826049805,29898000,2018-05-15
1042,GOOG,54.0885009765625,21946000,2018-05-16
1043,GOOG,53.929500579833984,20876000,2018-05-17
1044,GOOG,53.31800079345703,31304000,2018-05-18
1045,GOOG,53.979000091552734,20464000,2018-05-21
1046,GOOG,53.48649978637695,21800000,2018-05-22
1047,GOOG,53.984500885009766,21214000,2018-05-23
1048,GOOG,53.96200180053711,15336000,2018-05-24
1049,GOOG,53.78300094604492,17988000,2018-05-25
1050,GOOG,53.01599884033203,37302000,2018-05-29
1051,GOOG,53.38999938964844,22770000,2018-05-30
1052,GOOG,54.2495002746582,61766000,2018-05-31
1053,GOOG,55.974998474121094,48432000,2018-06-01
1054,GOOG,56.964500427246094,37792000,2018-06-04
1055,GOOG,56.983001708984375,33560000,2018-06-05
1056,GOOG,56.84400177001953,33964000,2018-06-06
1057,GOOG,56.19300079345703,30400000,2018-06-07
1058,GOOG,56.04349899291992,25816000,2018-06-08
1059,GOOG,56.4995002746582,21586000,2018-06-11
1060,GOOG,56.965999603271484,18240000,2018-06-12
1061,GOOG,56.739498138427734,30128000,2018-06-13
1062,GOOG,57.60599899291992,26868000,2018-06-14
1063,GOOG,57.612998962402344,42450000,2018-06-15
1064,GOOG,58.67300033569336,28274000,2018-06-18
1065,GOOG,58.40299987792969,32420000,2018-06-19
1066,GOOG,58.492000579833984,32970000,2018-06-20
1067,GOOG,57.882999420166016,24762000,2018-06-21
1068,GOOG,57.77399826049805,26220000,2018-06-22
1069,GOOG,56.240501403808594,43146000,2018-06-25
1070,GOOG,55.92300033569336,31264000,2018-06-26
1071,GOOG,55.19900131225586,25878000,2018-06-27
1072,GOOG,55.71099853515625,21448000,2018-06-28
1073,GOOG,55.782501220703125,26302000,2018-06-29
1074,GOOG,56.37300109863281,24346000,2018-07-02
1075,GOOG,55.144500732421875,13580000,2018-07-03
1076,GOOG,56.2135009765625,21334000,2018-07-05
1077,GOOG,57.00849914550781,19922000,2018-07-06
1078,GOOG,57.70249938964844,18180000,2018-07-09
1079,GOOG,57.641998291015625,15968000,2018-07-10
1080,GOOG,57.69499969482422,22400000,2018-07-11
1081,GOOG,59.17399978637695,25038000,2018-07-12
1082,GOOG,59.441001892089844,24438000,2018-07-13
1083,GOOG,59.19300079345703,21114000,2018-07-16
1084,GOOG,59.939998626708984,32208000,2018-07-17
1085,GOOG,59.79399871826172,27872000,2018-07-18
1086,GOOG,59.347999572753906,25534000,2018-07-19
1087,GOOG,59.24549865722656,24948000,2018-07-20
1088,GOOG,60.275001525878906,52384000,2018-07-23
1089,GOOG,62.40399932861328,66364000,2018-07-24
1090,GOOG,63.185001373291016,42556000,2018-07-25
1091,GOOG,63.416500091552734,48112000,2018-07-26
1092,GOOG,61.92499923706055,42612000,2018-07-27
1093,GOOG,60.98699951171875,36998000,2018-07-30
1094,GOOG,60.862998962402344,32894000,2018-07-31
1095,GOOG,61.0004997253418,31344000,2018-08-01
1096,GOOG,61.307498931884766,30626000,2018-08-02
1097,GOOG,61.18550109863281,21792000,2018-08-03
1098,GOOG,61.23849868774414,21634000,2018-08-06
1099,GOOG,62.111000061035156,29880000,2018-08-07
1100,GOOG,62.28049850463867,27406000,2018-08-08
1101,GOOG,62.45500183105469,16972000,2018-08-09
1102,GOOG,61.88050079345703,22174000,2018-08-10
1103,GOOG,61.7504997253418,19946000,2018-08-13
1104,GOOG,62.10499954223633,26962000,2018-08-14
1105,GOOG,60.71900177001953,36576000,2018-08-15
1106,GOOG,60.324501037597656,26864000,2018-08-16
1107,GOOG,60.04800033569336,27792000,2018-08-17
1108,GOOG,60.38850021362305,17416000,2018-08-20
1109,GOOG,60.08100128173828,24112000,2018-08-21
1110,GOOG,60.36650085449219,17748000,2018-08-22
1111,GOOG,60.26900100708008,19852000,2018-08-23
1112,GOOG,61.032501220703125,18932000,2018-08-24
1113,GOOG,62.090999603271484,23126000,2018-08-27
1114,GOOG,61.557498931884766,26080000,2018-08-28
1115,GOOG,62.46500015258789,25978000,2018-08-29
1116,GOOG,61.95600128173828,26628000,2018-08-30
1117,GOOG,60.90950012207031,36328000,2018-08-31
1118,GOOG,59.849998474121094,36620000,2018-09-04
1119,GOOG,59.32400131225586,41226000,2018-09-05
1120,GOOG,58.571998596191406,37770000,2018-09-06
1121,GOOG,58.24150085449219,28026000,2018-09-07
1122,GOOG,58.231998443603516,22308000,2018-09-10
1123,GOOG,58.86800003051758,24186000,2018-09-11
1124,GOOG,58.14099884033203,25910000,2018-09-12
1125,GOOG,58.76649856567383,28624000,2018-09-13
1126,GOOG,58.62649917602539,18880000,2018-09-14
1127,GOOG,57.8025016784668,26130000,2018-09-17
1128,GOOG,58.06100082397461,24072000,2018-09-18
1129,GOOG,58.554500579833984,23828000,2018-09-19
1130,GOOG,59.34349822998047,24508000,2018-09-20
1131,GOOG,58.304500579833984,88112000,2018-09-21
1132,GOOG,58.66849899291992,25420000,2018-09-24
1133,GOOG,59.23249816894531,19554000,2018-09-25
1134,GOOG,59.02450180053711,29246000,2018-09-26
1135,GOOG,59.731998443603516,25216000,2018-09-27
1136,GOOG,59.673500061035156,27612000,2018-09-28
1137,GOOG,59.765499114990234,27152000,2018-10-01
1138,GOOG,60.00550079345703,33758000,2018-10-02
1139,GOOG,60.147499084472656,25124000,2018-10-03
1140,GOOG,58.40950012207031,44190000,2018-10-04
1141,GOOG,57.86750030517578,23686000,2018-10-05
1142,GOOG,57.44850158691406,38648000,2018-10-08
1143,GOOG,56.941001892089844,26174000,2018-10-09
1144,GOOG,54.06100082397461,53514000,2018-10-10
1145,GOOG,53.965999603271484,58980000,2018-10-11
1146,GOOG,55.50400161743164,42026000,2018-10-12
1147,GOOG,54.61249923706055,27448000,2018-10-15
1148,GOOG,56.06399917602539,38570000,2018-10-16
1149,GOOG,55.78450012207031,29344000,2018-10-17
1150,GOOG,54.39849853515625,41890000,2018-10-18
1151,GOOG,54.823001861572266,25352000,2018-10-19
1152,GOOG,55.05799865722656,30284000,2018-10-22
1153,GOOG,55.18450164794922,36974000,2018-10-23
1154,GOOG,52.535499572753906,39648000,2018-10-24
1155,GOOG,54.778499603271484,50916000,2018-10-25
1156,GOOG,53.57350158691406,83752000,2018-10-26
1157,GOOG,51.00400161743164,77614000,2018-10-29
1158,GOOG,51.81050109863281,64254000,2018-10-30
1159,GOOG,53.8385009765625,50596000,2018-10-31
1160,GOOG,53.5,29640000,2018-11-01
1161,GOOG,52.88949966430664,36780000,2018-11-02
1162,GOOG,52.00450134277344,48828000,2018-11-05
1163,GOOG,52.79050064086914,24666000,2018-11-06
1164,GOOG,54.669498443603516,41168000,2018-11-07
1165,GOOG,54.119998931884766,29764000,2018-11-08
1166,GOOG,53.307498931884766,26864000,2018-11-09
1167,GOOG,51.93149948120117,29436000,2018-11-12
1168,GOOG,51.8025016784668,30274000,2018-11-13
1169,GOOG,52.18299865722656,31318000,2018-11-14
1170,GOOG,53.23550033569336,36722000,2018-11-15
1171,GOOG,53.074501037597656,33162000,2018-11-16
1172,GOOG,51.0,37172000,2018-11-19
1173,GOOG,51.28799819946289,48982000,2018-11-20
1174,GOOG,51.88050079345703,30686000,2018-11-21
1175,GOOG,51.194000244140625,13830000,2018-11-23
1176,GOOG,52.430999755859375,38856000,2018-11-26
1177,GOOG,52.22050094604492,36064000,2018-11-27
1178,GOOG,54.311500549316406,49508000,2018-11-28
1179,GOOG,54.415000915527344,29378000,2018-11-29
1180,GOOG,54.721500396728516,51604000,2018-11-30
1181,GOOG,55.32149887084961,39824000,2018-12-03
1182,GOOG,52.54100036621094,46904000,2018-12-04
1183,GOOG,53.436500549316406,55384000,2018-12-06
1184,GOOG,51.82899856567383,42024000,2018-12-07
1185,GOOG,51.977500915527344,36154000,2018-12-10
1186,GOOG,52.587501525878906,27894000,2018-12-11
1187,GOOG,53.183998107910156,30476000,2018-12-12
1188,GOOG,53.095001220703125,26596000,2018-12-13
1189,GOOG,52.10499954223633,33732000,2018-12-14
1190,GOOG,50.826499938964844,47708000,2018-12-17
1191,GOOG,51.43550109863281,43850000,2018-12-18
1192,GOOG,51.1505012512207,49586000,2018-12-19
1193,GOOG,50.47050094604492,53470000,2018-12-20
1194,GOOG,48.97700119018555,91920000,2018-12-21
1195,GOOG,48.81100082397461,31806000,2018-12-24
1196,GOOG,51.972999572753906,47466000,2018-12-26
1197,GOOG,52.194000244140625,42196000,2018-12-27
1198,GOOG,51.854000091552734,28296000,2018-12-28
1199,GOOG,51.78049850463867,29866000,2018-12-31
1200,GOOG,52.29249954223633,30652000,2019-01-02
1201,GOOG,50.803001403808594,36822000,2019-01-03
1202,GOOG,53.535499572753906,41878000,2019-01-04
1203,GOOG,53.419498443603516,39638000,2019-01-07
1204,GOOG,53.81399917602539,35298000,2019-01-08
1205,GOOG,53.733001708984375,23986000,2019-01-09
1206,GOOG,53.51649856567383,29128000,2019-01-10
1207,GOOG,52.859500885009766,30416000,2019-01-11
1208,GOOG,52.234500885009766,22886000,2019-01-14
1209,GOOG,53.85749816894531,29272000,2019-01-15
1210,GOOG,54.048500061035156,26636000,2019-01-16
1211,GOOG,54.494998931884766,24854000,2019-01-17
1212,GOOG,54.91299819946289,39112000,2019-01-18
1213,GOOG,53.5260009765625,32270000,2019-01-22
1214,GOOG,53.778499603271484,19340000,2019-01-23
1215,GOOG,53.69499969482422,27226000,2019-01-24
1216,GOOG,54.54949951171875,22382000,2019-01-25
1217,GOOG,53.50400161743164,25686000,2019-01-28
1218,GOOG,53.03099822998047,20436000,2019-01-29
1219,GOOG,54.452999114990234,25596000,2019-01-30
1220,GOOG,55.81850051879883,30766000,2019-01-31
1221,GOOG,55.537498474121094,29244000,2019-02-01
1222,GOOG,56.63999938964844,51530000,2019-02-04
1223,GOOG,57.29949951171875,71044000,2019-02-05
1224,GOOG,55.76150131225586,42112000,2019-02-06
1225,GOOG,54.93550109863281,40896000,2019-02-07
1226,GOOG,54.75299835205078,21516000,2019-02-08
1227,GOOG,54.7504997253418,21304000,2019-02-11
1228,GOOG,56.06850051879883,32182000,2019-02-12
1229,GOOG,56.007999420166016,20996000,2019-02-13
1230,GOOG,56.083499908447266,18952000,2019-02-14
1231,GOOG,55.682498931884766,28996000,2019-02-15
1232,GOOG,55.928001403808594,20928000,2019-02-19
1233,GOOG,55.689998626708984,21756000,2019-02-20
1234,GOOG,54.8484992980957,28302000,2019-02-21
1235,GOOG,55.51850128173828,20990000,2019-02-22
1236,GOOG,55.470001220703125,28262000,2019-02-25
1237,GOOG,55.756500244140625,29426000,2019-02-26
1238,GOOG,55.8025016784668,19368000,2019-02-27
1239,GOOG,55.99599838256836,30850000,2019-02-28
1240,GOOG,57.04949951171875,29006000,2019-03-01
1241,GOOG,57.38999938964844,28920000,2019-03-04
1242,GOOG,58.10150146484375,28864000,2019-03-05
1243,GOOG,57.893001556396484,21986000,2019-03-06
1244,GOOG,57.165000915527344,23332000,2019-03-07
1245,GOOG,57.11600112915039,24248000,2019-03-08
1246,GOOG,58.78799819946289,34384000,2019-03-11
1247,GOOG,59.65999984741211,40262000,2019-03-12
1248,GOOG,59.66600036621094,28718000,2019-03-13
1249,GOOG,59.27750015258789,23456000,2019-03-14
1250,GOOG,59.222999572753906,49236000,2019-03-15
1251,GOOG,59.2130012512207,25852000,2019-03-18
1252,GOOG,59.942501068115234,30414000,2019-03-19
1253,GOOG,61.19850158691406,44548000,2019-03-20
1254,GOOG,61.57699966430664,24080000,2019-03-21
1255,GOOG,60.275001525878906,34284000,2019-03-22
1256,GOOG,59.650001525878906,29936000,2019-03-25
1257,GOOG,59.23099899291992,38024000,2019-03-26
1258,GOOG,58.6510009765625,28004000,2019-03-27
1259,GOOG,58.42449951171875,19234000,2019-03-28
1260,GOOG,58.66550064086914,25398000,2019-03-29
1261,GOOG,59.721500396728516,25050000,2019-04-01
1262,GOOG,60.02450180053711,16558000,2019-04-02
1263,GOOG,60.29600143432617,20286000,2019-04-03
1264,GOOG,60.75,19000000,2019-04-04
1265,GOOG,60.35749816894531,18144000,2019-04-05
1266,GOOG,60.19200134277344,17204000,2019-04-08
1267,GOOG,59.86249923706055,17528000,2019-04-09
1268,GOOG,60.108001708984375,14492000,2019-04-10
1269,GOOG,60.23099899291992,14204000,2019-04-11
1270,GOOG,60.89350128173828,18668000,2019-04-12
1271,GOOG,61.05500030517578,23748000,2019-04-15
1272,GOOG,61.35649871826172,17126000,2019-04-16
1273,GOOG,61.81700134277344,24438000,2019-04-17
1274,GOOG,61.81850051879883,26636000,2019-04-18
1275,GOOG,62.44200134277344,16146000,2019-04-22
1276,GOOG,63.227500915527344,26398000,2019-04-23
1277,GOOG,62.79999923706055,20376000,2019-04-24
1278,GOOG,63.17250061035156,22146000,2019-04-25
1279,GOOG,63.60900115966797,24828000,2019-04-26
1280,GOOG,64.37899780273438,49988000,2019-04-29
1281,GOOG,59.42399978637695,124140000,2019-04-30
1282,GOOG,58.40399932861328,52784000,2019-05-01
1283,GOOG,58.13050079345703,38896000,2019-05-02
1284,GOOG,59.27000045776367,39614000,2019-05-03
1285,GOOG,59.46950149536133,31278000,2019-05-06
1286,GOOG,58.70500183105469,31028000,2019-05-07
1287,GOOG,58.313499450683594,26186000,2019-05-08
1288,GOOG,58.11899948120117,23714000,2019-05-09
1289,GOOG,58.2135009765625,26290000,2019-05-10
1290,GOOG,56.60150146484375,37212000,2019-05-13
1291,GOOG,56.02199935913086,36732000,2019-05-14
1292,GOOG,58.21049880981445,45786000,2019-05-15
1293,GOOG,58.94900131225586,30628000,2019-05-16
1294,GOOG,58.1150016784668,24172000,2019-05-17
1295,GOOG,56.942501068115234,27066000,2019-05-20
1296,GOOG,57.48149871826172,23196000,2019-05-21
1297,GOOG,57.57099914550781,18290000,2019-05-22
1298,GOOG,57.03850173950195,23978000,2019-05-23
1299,GOOG,56.673500061035156,22240000,2019-05-24
1300,GOOG,56.70750045776367,27300000,2019-05-28
1301,GOOG,55.823001861572266,30764000,2019-05-29
1302,GOOG,55.897499084472656,19038000,2019-05-30
1303,GOOG,55.18149948120117,30156000,2019-05-31
1304,GOOG,51.811500549316406,102612000,2019-06-03
1305,GOOG,52.65250015258789,56670000,2019-06-04
1306,GOOG,52.111000061035156,43368000,2019-06-05
1307,GOOG,52.21699905395508,34064000,2019-06-06
1308,GOOG,53.301998138427734,36048000,2019-06-07
1309,GOOG,54.01900100708008,29284000,2019-06-10
1310,GOOG,53.93600082397461,28734000,2019-06-11
1311,GOOG,53.85150146484375,21220000,2019-06-12
1312,GOOG,54.438499450683594,21154000,2019-06-13
1313,GOOG,54.26750183105469,22230000,2019-06-14
1314,GOOG,54.625,18832000,2019-06-17
1315,GOOG,55.18000030517578,27734000,2019-06-18
1316,GOOG,55.11650085449219,26776000,2019-06-19
1317,GOOG,55.57099914550781,25240000,2019-06-20
1318,GOOG,56.09400177001953,38952000,2019-06-21
1319,GOOG,55.7760009765625,27912000,2019-06-24
1320,GOOG,54.317501068115234,30938000,2019-06-25
1321,GOOG,53.9900016784668,36218000,2019-06-26
1322,GOOG,53.800498962402344,20086000,2019-06-27
1323,GOOG,54.045501708984375,33864000,2019-06-28
1324,GOOG,54.897499084472656,28726000,2019-07-01
1325,GOOG,55.5625,19832000,2019-07-02
1326,GOOG,56.07899856567383,15340000,2019-07-03
1327,GOOG,56.579498291015625,25286000,2019-07-05
1328,GOOG,55.817501068115234,24728000,2019-07-08
1329,GOOG,56.24150085449219,26608000,2019-07-09
1330,GOOG,57.02399826049805,24190000,2019-07-10
1331,GOOG,57.21049880981445,23910000,2019-07-11
1332,GOOG,57.244998931884766,17280000,2019-07-12
1333,GOOG,57.516998291015625,18076000,2019-07-15
1334,GOOG,57.67900085449219,24776000,2019-07-16
1335,GOOG,57.317501068115234,23400000,2019-07-17
1336,GOOG,57.31650161743164,25814000,2019-07-18
1337,GOOG,56.505001068115234,32944000,2019-07-19
1338,GOOG,56.903499603271484,26030000,2019-07-22
1339,GOOG,57.31050109863281,21874000,2019-07-23
1340,GOOG,56.890499114990234,31796000,2019-07-24
1341,GOOG,56.60599899291992,44196000,2019-07-25
1342,GOOG,62.52050018310547,96116000,2019-07-26
1343,GOOG,61.97050094604492,44474000,2019-07-29
1344,GOOG,61.25699996948242,29066000,2019-07-30
1345,GOOG,60.83399963378906,34510000,2019-07-31
1346,GOOG,60.45050048828125,33970000,2019-08-01
1347,GOOG,59.699501037597656,32902000,2019-08-02
1348,GOOG,57.61600112915039,51950000,2019-08-05
1349,GOOG,58.497501373291016,34188000,2019-08-06
1350,GOOG,58.699501037597656,28886000,2019-08-07
1351,GOOG,60.2400016784668,29360000,2019-08-08
1352,GOOG,59.4005012512207,21314000,2019-08-09
1353,GOOG,58.73550033569336,20060000,2019-08-12
1354,GOOG,59.86349868774414,25888000,2019-08-13
1355,GOOG,58.214500427246094,31574000,2019-08-14
1356,GOOG,58.362998962402344,24374000,2019-08-15
1357,GOOG,58.880001068115234,26266000,2019-08-16
1358,GOOG,59.92250061035156,24632000,2019-08-19
1359,GOOG,59.134498596191406,18310000,2019-08-20
1360,GOOG,59.5625,14814000,2019-08-21
1361,GOOG,59.47650146484375,18950000,2019-08-22
1362,GOOG,57.56449890136719,33740000,2019-08-23
1363,GOOG,58.44449996948242,24522000,2019-08-26
1364,GOOG,58.391998291015625,21544000,2019-08-27
1365,GOOG,58.55099868774414,16040000,2019-08-28
1366,GOOG,59.64250183105469,21768000,2019-08-29
1367,GOOG,59.404998779296875,22596000,2019-08-30
1368,GOOG,58.419498443603516,29598000,2019-09-03
1369,GOOG,59.070499420166016,21378000,2019-09-04
1370,GOOG,60.569000244140625,28162000,2019-09-05
1371,GOOG,60.246498107910156,21442000,2019-09-06
1372,GOOG,60.22050094604492,29438000,2019-09-09
1373,GOOG,60.29999923706055,25202000,2019-09-10
1374,GOOG,61.00849914550781,26140000,2019-09-11
1375,GOOG,61.712501525878906,34518000,2019-09-12
1376,GOOG,61.97800064086914,26028000,2019-09-13
1377,GOOG,61.564998626708984,21066000,2019-09-16
1378,GOOG,61.45750045776367,19102000,2019-09-17
1379,GOOG,61.62049865722656,22702000,2019-09-18
1380,GOOG,61.93550109863281,19920000,2019-09-19
1381,GOOG,61.496498107910156,45400000,2019-09-20
1382,GOOG,61.701499938964844,21248000,2019-09-23
1383,GOOG,60.9379997253418,31664000,2019-09-24
1384,GOOG,62.32600021362305,29060000,2019-09-25
1385,GOOG,62.06949996948242,30760000,2019-09-26
1386,GOOG,61.25450134277344,27078000,2019-09-27
1387,GOOG,60.95000076293945,28082000,2019-09-30
1388,GOOG,60.255001068115234,25470000,2019-10-01
1389,GOOG,58.83150100708008,32302000,2019-10-02
1390,GOOG,59.39149856567383,32424000,2019-10-03
1391,GOOG,60.45000076293945,23248000,2019-10-04
1392,GOOG,60.38399887084961,16858000,2019-10-07
1393,GOOG,59.45650100708008,20786000,2019-10-08
1394,GOOG,60.115501403808594,17354000,2019-10-09
1395,GOOG,60.43349838256836,16932000,2019-10-10
1396,GOOG,60.772499084472656,25454000,2019-10-11
1397,GOOG,60.856998443603516,17350000,2019-10-14
1398,GOOG,62.1505012512207,27634000,2019-10-15
1399,GOOG,62.18199920654297,21892000,2019-10-16
1400,GOOG,62.653499603271484,19048000,2019-10-17
1401,GOOG,62.27450180053711,27056000,2019-10-18
1402,GOOG,62.307498931884766,20544000,2019-10-21
1403,GOOG,62.13999938964844,20476000,2019-10-22
1404,GOOG,62.95650100708008,18230000,2019-10-23
1405,GOOG,63.04949951171875,20562000,2019-10-24
1406,GOOG,63.256500244140625,24262000,2019-10-25
1407,GOOG,64.5,52264000,2019-10-28
1408,GOOG,63.13100051879883,37728000,2019-10-29
1409,GOOG,63.06449890136719,28178000,2019-10-30
1410,GOOG,63.00550079345703,29114000,2019-10-31
1411,GOOG,63.6870002746582,33402000,2019-11-01
1412,GOOG,64.56849670410156,30020000,2019-11-04
1413,GOOG,64.60150146484375,25654000,2019-11-05
1414,GOOG,64.58999633789062,23060000,2019-11-06
1415,GOOG,65.44300079345703,40600000,2019-11-07
1416,GOOG,65.56849670410156,25028000,2019-11-08
1417,GOOG,64.95950317382812,20238000,2019-11-11
1418,GOOG,64.94000244140625,21718000,2019-11-12
1419,GOOG,64.9000015258789,16534000,2019-11-13
1420,GOOG,65.572998046875,23870000,2019-11-14
1421,GOOG,66.74349975585938,35652000,2019-11-15
1422,GOOG,66.03500366210938,29748000,2019-11-18
1423,GOOG,65.77300262451172,25384000,2019-11-19
1424,GOOG,65.15249633789062,26172000,2019-11-20
1425,GOOG,65.06749725341797,19910000,2019-11-21
1426,GOOG,64.76699829101562,27714000,2019-11-22
1427,GOOG,65.33450317382812,20724000,2019-11-25
1428,GOOG,65.67749786376953,21394000,2019-11-26
1429,GOOG,65.64949798583984,19912000,2019-11-27
1430,GOOG,65.24800109863281,11740000,2019-11-29
1431,GOOG,64.49600219726562,30218000,2019-12-02
1432,GOOG,64.76399993896484,22876000,2019-12-03
1433,GOOG,66.0270004272461,30750000,2019-12-04
1434,GOOG,66.40650177001953,24254000,2019-12-05
1435,GOOG,67.03099822998047,26296000,2019-12-06
1436,GOOG,67.1780014038086,27086000,2019-12-09
1437,GOOG,67.23300170898438,21882000,2019-12-10
1438,GOOG,67.2509994506836,17008000,2019-12-11
1439,GOOG,67.51349639892578,25620000,2019-12-12
1440,GOOG,67.3915023803711,30992000,2019-12-13
1441,GOOG,68.05850219726562,27946000,2019-12-16
1442,GOOG,67.75599670410156,37080000,2019-12-17
1443,GOOG,67.63099670410156,30452000,2019-12-18
1444,GOOG,67.802001953125,29398000,2019-12-19
1445,GOOG,67.47949981689453,66300000,2019-12-20
1446,GOOG,67.44200134277344,17662000,2019-12-23
1447,GOOG,67.1780014038086,6950000,2019-12-24
1448,GOOG,68.0199966430664,13350000,2019-12-26
1449,GOOG,67.59449768066406,20768000,2019-12-27
1450,GOOG,66.80699920654297,21018000,2019-12-30
1451,GOOG,66.85099792480469,19236000,2019-12-31
1452,GOOG,68.36849975585938,28132000,2020-01-02
1453,GOOG,68.03299713134766,23728000,2020-01-03
1454,GOOG,69.71050262451172,34646000,2020-01-06
1455,GOOG,69.66699981689453,30054000,2020-01-07
1456,GOOG,70.21600341796875,30560000,2020-01-08
1457,GOOG,70.99150085449219,30018000,2020-01-09
1458,GOOG,71.48650360107422,36414000,2020-01-10
1459,GOOG,71.96150207519531,33046000,2020-01-13
1460,GOOG,71.54399871826172,31178000,2020-01-14
1461,GOOG,71.95999908447266,25654000,2020-01-15
1462,GOOG,72.58499908447266,23474000,2020-01-16
1463,GOOG,74.01950073242188,47924000,2020-01-17
1464,GOOG,74.22000122070312,40734000,2020-01-21
1465,GOOG,74.29750061035156,32216000,2020-01-22
1466,GOOG,74.3324966430664,27024000,2020-01-23
1467,GOOG,73.33550262451172,35692000,2020-01-24
1468,GOOG,71.69499969482422,35104000,2020-01-27
1469,GOOG,72.62799835205078,31548000,2020-01-28
1470,GOOG,72.93150329589844,21554000,2020-01-29
1471,GOOG,72.79199981689453,26788000,2020-01-30
1472,GOOG,71.71150207519531,48344000,2020-01-31
1473,GOOG,74.2969970703125,60736000,2020-02-03
1474,GOOG,72.35350036621094,78660000,2020-02-04
1475,GOOG,72.4114990234375,39724000,2020-02-05
1476,GOOG,73.8115005493164,33588000,2020-02-06
1477,GOOG,73.96150207519531,23446000,2020-02-07
1478,GOOG,75.43399810791016,28398000,2020-02-10
1479,GOOG,75.43949890136719,26892000,2020-02-11
1480,GOOG,75.91349792480469,23352000,2020-02-12
1481,GOOG,75.73300170898438,18590000,2020-02-13
1482,GOOG,76.03700256347656,23956000,2020-02-14
1483,GOOG,75.9834976196289,22414000,2020-02-18
1484,GOOG,76.33450317382812,18986000,2020-02-19
1485,GOOG,75.90750122070312,21932000,2020-02-20
1486,GOOG,74.25550079345703,34634000,2020-02-21
1487,GOOG,71.07949829101562,57342000,2020-02-24
1488,GOOG,69.42250061035156,49566000,2020-02-25
1489,GOOG,69.65899658203125,44048000,2020-02-26
1490,GOOG,65.90450286865234,59566000,2020-02-27
1491,GOOG,66.96649932861328,75782000,2020-02-28
1492,GOOG,69.45549774169922,48630000,2020-03-02
1493,GOOG,67.06950378417969,48046000,2020-03-03
1494,GOOG,69.32599639892578,38266000,2020-03-04
1495,GOOG,65.9520034790039,51226000,2020-03-05
1496,GOOG,64.92050170898438,53212000,2020-03-06
1497,GOOG,60.77799987792969,67308000,2020-03-09
1498,GOOG,64.01950073242188,52228000,2020-03-10
1499,GOOG,60.77050018310547,52170000,2020-03-11
1500,GOOG,55.74549865722656,84534000,2020-03-12
1501,GOOG,60.98649978637695,74002000,2020-03-13
1502,GOOG,54.21649932861328,85048000,2020-03-16
1503,GOOG,55.9900016784668,77230000,2020-03-17
1504,GOOG,54.84000015258789,84668000,2020-03-18
1505,GOOG,55.76449966430664,73022000,2020-03-19
1506,GOOG,53.61600112915039,72036000,2020-03-20
1507,GOOG,52.83100128173828,80882000,2020-03-23
1508,GOOG,56.722999572753906,66890000,2020-03-24
1509,GOOG,55.1245002746582,81630000,2020-03-25
1510,GOOG,58.087501525878906,71434000,2020-03-26
1511,GOOG,55.535499572753906,64170000,2020-03-27
1512,GOOG,57.340999603271484,51482000,2020-03-30
1513,GOOG,58.140499114990234,49728000,2020-03-31
1514,GOOG,55.28099822998047,46884000,2020-04-01
1515,GOOG,56.04199981689453,39298000,2020-04-02
1516,GOOG,54.89400100708008,46268000,2020-04-03
1517,GOOG,59.34600067138672,53294000,2020-04-06
1518,GOOG,59.32550048828125,47746000,2020-04-07
1519,GOOG,60.513999938964844,39502000,2020-04-08
1520,GOOG,60.5724983215332,43508000,2020-04-09
1521,GOOG,60.87799835205078,34796000,2020-04-13
1522,GOOG,63.46149826049805,49408000,2020-04-14
1523,GOOG,63.12350082397461,33434000,2020-04-15
1524,GOOG,63.173500061035156,50362000,2020-04-16
1525,GOOG,64.1624984741211,38980000,2020-04-17
1526,GOOG,63.330501556396484,33910000,2020-04-20
1527,GOOG,60.81700134277344,43060000,2020-04-21
1528,GOOG,63.160499572753906,41848000,2020-04-22
1529,GOOG,63.81549835205078,31324000,2020-04-23
1530,GOOG,63.96549987792969,32792000,2020-04-24
1531,GOOG,63.79399871826172,32012000,2020-04-27
1532,GOOG,61.68349838256836,59026000,2020-04-28
1533,GOOG,67.0739974975586,75872000,2020-04-29
1534,GOOG,67.43299865722656,53378000,2020-04-30
1535,GOOG,66.03050231933594,41450000,2020-05-01
1536,GOOG,66.33999633789062,30080000,2020-05-04
1537,GOOG,67.55549621582031,33030000,2020-05-05
1538,GOOG,67.36499786376953,24308000,2020-05-06
1539,GOOG,68.62799835205078,27952000,2020-05-07
1540,GOOG,69.41850280761719,27738000,2020-05-08
1541,GOOG,70.16300201416016,28242000,2020-05-11
1542,GOOG,68.78700256347656,27812000,2020-05-12
1543,GOOG,67.46649932861328,36252000,2020-05-13
1544,GOOG,67.80650329589844,32062000,2020-05-14
1545,GOOG,68.65950012207031,34154000,2020-05-15
1546,GOOG,69.1969985961914,36448000,2020-05-18
1547,GOOG,68.67424774169922,25612000,2020-05-19
1548,GOOG,70.33599853515625,33108000,2020-05-20
1549,GOOG,70.13999938964844,27700000,2020-05-21
1550,GOOG,70.52100372314453,26188000,2020-05-22
1551,GOOG,70.85099792480469,41212000,2020-05-26
1552,GOOG,70.89199829101562,33716000,2020-05-27
1553,GOOG,70.83650207519531,33844000,2020-05-28
1554,GOOG,71.44599914550781,36418000,2020-05-29
1555,GOOG,71.59100341796875,24342000,2020-06-01
1556,GOOG,71.96099853515625,25562000,2020-06-02
1557,GOOG,71.81900024414062,25124000,2020-06-03
1558,GOOG,70.60900115966797,29686000,2020-06-04
1559,GOOG,71.91950225830078,34698000,2020-06-05
1560,GOOG,72.33049774169922,28084000,2020-06-08
1561,GOOG,72.80799865722656,28184000,2020-06-09
1562,GOOG,73.2925033569336,30504000,2020-06-10
1563,GOOG,70.19200134277344,39826000,2020-06-11
1564,GOOG,70.65899658203125,38928000,2020-06-12
1565,GOOG,70.99250030517578,30078000,2020-06-15
1566,GOOG,72.13600158691406,34184000,2020-06-16
1567,GOOG,72.55599975585938,30992000,2020-06-17
1568,GOOG,71.7979965209961,31638000,2020-06-18
1569,GOOG,71.58599853515625,63158000,2020-06-19
1570,GOOG,72.59300231933594,30848000,2020-06-22
1571,GOOG,73.22049713134766,28596000,2020-06-23
1572,GOOG,71.59850311279297,35120000,2020-06-24
1573,GOOG,72.06649780273438,24610000,2020-06-25
1574,GOOG,67.99500274658203,85354000,2020-06-26
1575,GOOG,69.74849700927734,36204000,2020-06-29
1576,GOOG,70.68049621582031,40848000,2020-06-30
1577,GOOG,71.9020004272461,35504000,2020-07-01
1578,GOOG,73.23500061035156,37182000,2020-07-02
1579,GOOG,74.78500366210938,31280000,2020-07-06
1580,GOOG,74.25900268554688,29164000,2020-07-07
1581,GOOG,74.80000305175781,24994000,2020-07-08
1582,GOOG,75.54949951171875,28466000,2020-07-09
1583,GOOG,77.08699798583984,37126000,2020-07-10
1584,GOOG,75.56700134277344,36928000,2020-07-13
1585,GOOG,76.02899932861328,31700000,2020-07-14
1586,GOOG,75.68199920654297,32214000,2020-07-15
1587,GOOG,75.9000015258789,30386000,2020-07-16
1588,GOOG,75.77749633789062,29134000,2020-07-17
1589,GOOG,78.28600311279297,31146000,2020-07-20
1590,GOOG,77.9209976196289,24324000,2020-07-21
1591,GOOG,78.42449951171875,18640000,2020-07-22
1592,GOOG,75.78399658203125,32552000,2020-07-23
1593,GOOG,75.59349822998047,30880000,2020-07-24
1594,GOOG,76.51000213623047,24920000,2020-07-27
1595,GOOG,75.01699829101562,34044000,2020-07-28
1596,GOOG,76.10099792480469,22130000,2020-07-29
1597,GOOG,76.57250213623047,33428000,2020-07-30
1598,GOOG,74.14800262451172,68798000,2020-07-31
1599,GOOG,73.72250366210938,46604000,2020-08-03
1600,GOOG,73.24849700927734,38070000,2020-08-04
1601,GOOG,73.68049621582031,39590000,2020-08-05
1602,GOOG,75.00499725341797,39908000,2020-08-06
1603,GOOG,74.72450256347656,31556000,2020-08-07
1604,GOOG,74.80500030517578,25786000,2020-08-10
1605,GOOG,74.01599884033203,29088000,2020-08-11
1606,GOOG,75.33100128173828,28740000,2020-08-12
1607,GOOG,75.92250061035156,29104000,2020-08-13
1608,GOOG,75.3864974975586,27096000,2020-08-14
1609,GOOG,75.89900207519531,27566000,2020-08-17
1610,GOOG,77.93000030517578,40542000,2020-08-18
1611,GOOG,77.37650299072266,33212000,2020-08-19
1612,GOOG,79.0875015258789,34138000,2020-08-20
1613,GOOG,79.02100372314453,28930000,2020-08-21
1614,GOOG,79.41000366210938,28198000,2020-08-24
1615,GOOG,80.41100311279297,44942000,2020-08-25
1616,GOOG,82.61900329589844,79868000,2020-08-26
1617,GOOG,81.71649932861328,37232000,2020-08-27
1618,GOOG,82.22049713134766,29980000,2020-08-28
1619,GOOG,81.70899963378906,36468000,2020-08-31
1620,GOOG,83.0354995727539,36506000,2020-09-01
1621,GOOG,86.41400146484375,50224000,2020-09-02
1622,GOOG,82.09200286865234,62156000,2020-09-03
1623,GOOG,79.552001953125,52172000,2020-09-04
1624,GOOG,76.61949920654297,52218000,2020-09-08
1625,GOOG,77.8479995727539,35494000,2020-09-09
1626,GOOG,76.60099792480469,32372000,2020-09-10
1627,GOOG,76.03600311279297,31942000,2020-09-11
1628,GOOG,75.96399688720703,33932000,2020-09-14
1629,GOOG,77.0719985961914,26622000,2020-09-15
1630,GOOG,76.04499816894531,26234000,2020-09-16
1631,GOOG,74.77649688720703,37596000,2020-09-17
1632,GOOG,72.99949645996094,62078000,2020-09-18
1633,GOOG,71.55799865722656,57776000,2020-09-21
1634,GOOG,73.27300262451172,31664000,2020-09-22
1635,GOOG,70.760498046875,33148000,2020-09-23
1636,GOOG,71.41449737548828,29004000,2020-09-24
1637,GOOG,72.24800109863281,26460000,2020-09-25
1638,GOOG,73.22599792480469,40158000,2020-09-28
1639,GOOG,73.46649932861328,19564000,2020-09-29
1640,GOOG,73.4800033569336,34032000,2020-09-30
1641,GOOG,74.50450134277344,35590000,2020-10-01
1642,GOOG,72.9209976196289,25682000,2020-10-02
1643,GOOG,74.3010025024414,22266000,2020-10-05
1644,GOOG,72.6719970703125,24908000,2020-10-06
1645,GOOG,73.0145034790039,34924000,2020-10-07
1646,GOOG,74.29650115966797,23756000,2020-10-08
1647,GOOG,75.76100158691406,28706000,2020-10-09
1648,GOOG,78.4574966430664,49652000,2020-10-12
1649,GOOG,78.58399963378906,32020000,2020-10-13
1650,GOOG,78.40399932861328,38586000,2020-10-14
1651,GOOG,77.95649719238281,30800000,2020-10-15
1652,GOOG,78.65049743652344,28694000,2020-10-16
1653,GOOG,76.73049926757812,32142000,2020-10-19
1654,GOOG,77.79650115966797,44834000,2020-10-20
1655,GOOG,79.66549682617188,51366000,2020-10-21
1656,GOOG,80.7665023803711,28672000,2020-10-22
1657,GOOG,82.05000305175781,27516000,2020-10-23
1658,GOOG,79.52249908447266,37066000,2020-10-26
1659,GOOG,80.21299743652344,24580000,2020-10-27
1660,GOOG,75.83100128173828,36680000,2020-10-28
1661,GOOG,78.36199951171875,40062000,2020-10-29
1662,GOOG,81.05049896240234,86582000,2020-10-30
1663,GOOG,81.30149841308594,50708000,2020-11-02
1664,GOOG,82.510498046875,33234000,2020-11-03
1665,GOOG,87.45649719238281,71418000,2020-11-04
1666,GOOG,88.16850280761719,41316000,2020-11-05
1667,GOOG,88.0875015258789,33218000,2020-11-06
1668,GOOG,88.1500015258789,45366000,2020-11-09
1669,GOOG,87.01950073242188,52722000,2020-11-10
1670,GOOG,87.635498046875,25280000,2020-11-11
1671,GOOG,87.49199676513672,24950000,2020-11-12
1672,GOOG,88.85099792480469,29998000,2020-11-13
1673,GOOG,89.06900024414062,24936000,2020-11-16
1674,GOOG,88.50749969482422,22942000,2020-11-17
1675,GOOG,87.33899688720703,23470000,2020-11-18
1676,GOOG,88.19599914550781,24998000,2020-11-19
1677,GOOG,87.1094970703125,46270000,2020-11-20
1678,GOOG,86.74299621582031,43232000,2020-11-23
1679,GOOG,88.44400024414062,31560000,2020-11-24
1680,GOOG,88.57150268554688,20916000,2020-11-25
1681,GOOG,89.65950012207031,17698000,2020-11-27
1682,GOOG,88.03700256347656,36476000,2020-11-30
1683,GOOG,89.90499877929688,34738000,2020-12-01
1684,GOOG,91.39749908447266,24440000,2020-12-02
1685,GOOG,91.3385009765625,24546000,2020-12-03
1686,GOOG,91.39949798583984,27564000,2020-12-04
1687,GOOG,90.9739990234375,26418000,2020-12-07
1688,GOOG,90.92749786376953,21926000,2020-12-08
1689,GOOG,89.20649719238281,30152000,2020-12-09
1690,GOOG,88.7665023803711,27256000,2020-12-10
1691,GOOG,89.0885009765625,24414000,2020-12-11
1692,GOOG,88.00299835205078,32004000,2020-12-14
1693,GOOG,88.38849639892578,29646000,2020-12-15
1694,GOOG,88.1500015258789,30270000,2020-12-16
1695,GOOG,87.3949966430664,32494000,2020-12-17
1696,GOOG,86.55049896240234,80328000,2020-12-18
1697,GOOG,86.96849822998047,36568000,2020-12-21
1698,GOOG,86.17500305175781,18734000,2020-12-22
1699,GOOG,86.61900329589844,20676000,2020-12-23
1700,GOOG,86.94249725341797,6936000,2020-12-24
1701,GOOG,88.80449676513672,27860000,2020-12-28
1702,GOOG,87.93599700927734,25988000,2020-12-29
1703,GOOG,86.97599792480469,26122000,2020-12-30
1704,GOOG,87.59400177001953,20238000,2020-12-31
1705,GOOG,86.41200256347656,38038000,2021-01-04
1706,GOOG,87.0459976196289,22906000,2021-01-05
1707,GOOG,86.7645034790039,52042000,2021-01-06
1708,GOOG,89.36250305175781,45300000,2021-01-07
1709,GOOG,90.3604965209961,41012000,2021-01-08
1710,GOOG,88.33599853515625,24194000,2021-01-11
1711,GOOG,87.32749938964844,27140000,2021-01-12
1712,GOOG,87.72000122070312,21882000,2021-01-13
1713,GOOG,87.00900268554688,23590000,2021-01-14
1714,GOOG,86.80950164794922,26844000,2021-01-15
1715,GOOG,89.54299926757812,34692000,2021-01-19
1716,GOOG,94.34500122070312,49806000,2021-01-20
1717,GOOG,94.5625,41278000,2021-01-21
1718,GOOG,95.05249786376953,25442000,2021-01-22
1719,GOOG,94.97000122070312,38546000,2021-01-25
1720,GOOG,95.86199951171875,26262000,2021-01-26
1721,GOOG,91.53949737548828,54966000,2021-01-27
1722,GOOG,93.15550231933594,35462000,2021-01-28
1723,GOOG,91.78700256347656,32252000,2021-01-29
1724,GOOG,95.06749725341797,32044000,2021-02-01
1725,GOOG,96.37550354003906,45474000,2021-02-02
1726,GOOG,103.50350189208984,82364000,2021-02-03
1727,GOOG,103.11849975585938,37046000,2021-02-04
1728,GOOG,104.9000015258789,30702000,2021-02-05
1729,GOOG,104.64550018310547,24838000,2021-02-08
1730,GOOG,104.17549896240234,17798000,2021-02-09
1731,GOOG,104.76899719238281,22710000,2021-02-10
1732,GOOG,104.79450225830078,18914000,2021-02-11
1733,GOOG,105.20549774169922,17114000,2021-02-12
1734,GOOG,106.09500122070312,22676000,2021-02-16
1735,GOOG,106.41549682617188,21418000,2021-02-17
1736,GOOG,105.86000061035156,22432000,2021-02-18
1737,GOOG,105.05699920654297,29148000,2021-02-19
1738,GOOG,103.24400329589844,27350000,2021-02-22
1739,GOOG,103.54299926757812,33348000,2021-02-23
1740,GOOG,104.75849914550781,24966000,2021-02-24
1741,GOOG,101.56800079345703,36568000,2021-02-25
1742,GOOG,101.84300231933594,41670000,2021-02-26
1743,GOOG,104.07550048828125,28090000,2021-03-01
1744,GOOG,103.79199981689453,22692000,2021-03-02
1745,GOOG,101.33550262451172,29684000,2021-03-03
1746,GOOG,102.45449829101562,42360000,2021-03-04
1747,GOOG,105.427001953125,43904000,2021-03-05
1748,GOOG,101.20850372314453,32948000,2021-03-08
1749,GOOG,102.63500213623047,33946000,2021-03-09
1750,GOOG,102.75150299072266,25372000,2021-03-10
1751,GOOG,105.7385025024414,24782000,2021-03-11
1752,GOOG,103.09600067138672,34516000,2021-03-12
1753,GOOG,103.32450103759766,25962000,2021-03-15
1754,GOOG,104.6259994506836,29832000,2021-03-16
1755,GOOG,104.55400085449219,25980000,2021-03-17
1756,GOOG,101.81099700927734,27228000,2021-03-18
1757,GOOG,102.16000366210938,46298000,2021-03-19
1758,GOOG,101.92949676513672,39096000,2021-03-22
1759,GOOG,102.64800262451172,27340000,2021-03-23
1760,GOOG,102.25299835205078,23080000,2021-03-24
1761,GOOG,102.21800231933594,28378000,2021-03-25
1762,GOOG,101.77749633789062,29870000,2021-03-26
1763,GOOG,102.79750061035156,24596000,2021-03-29
1764,GOOG,102.7770004272461,20732000,2021-03-30
1765,GOOG,103.43150329589844,29198000,2021-03-31
1766,GOOG,106.88749694824219,33980000,2021-04-01
1767,GOOG,111.27749633789062,43298000,2021-04-05
1768,GOOG,111.23750305175781,27060000,2021-04-06
1769,GOOG,112.48400115966797,25798000,2021-04-07
1770,GOOG,113.27200317382812,27166000,2021-04-08
1771,GOOG,114.29399871826172,20888000,2021-04-09
1772,GOOG,112.739501953125,31318000,2021-04-12
1773,GOOG,113.3635025024414,23310000,2021-04-13
1774,GOOG,112.74199676513672,20220000,2021-04-14
1775,GOOG,114.83300018310547,27472000,2021-04-15
1776,GOOG,114.88800048828125,22596000,2021-04-16
1777,GOOG,115.12000274658203,24688000,2021-04-19
1778,GOOG,114.68150329589844,21774000,2021-04-20
1779,GOOG,114.66449737548828,23930000,2021-04-21
1780,GOOG,113.39600372314453,21096000,2021-04-22
1781,GOOG,115.76499938964844,28670000,2021-04-23
1782,GOOG,116.33699798583984,20834000,2021-04-26
1783,GOOG,115.35600280761719,31972000,2021-04-27
1784,GOOG,118.99549865722656,59728000,2021-04-28
1785,GOOG,121.49449920654297,39554000,2021-04-29
1786,GOOG,120.50599670410156,39142000,2021-04-30
1787,GOOG,119.75849914550781,33788000,2021-05-03
1788,GOOG,117.7125015258789,35120000,2021-05-04
1789,GOOG,117.83699798583984,21806000,2021-05-05
1790,GOOG,119.06749725341797,20618000,2021-05-06
1791,GOOG,119.93450164794922,23272000,2021-05-07
1792,GOOG,117.08300018310547,26006000,2021-05-10
1793,GOOG,115.43800354003906,32110000,2021-05-11
1794,GOOG,111.9540023803711,34934000,2021-05-12
1795,GOOG,113.09850311279297,26670000,2021-05-13
1796,GOOG,115.80799865722656,26624000,2021-05-14
1797,GOOG,116.07050323486328,19842000,2021-05-17
1798,GOOG,115.17150115966797,17302000,2021-05-18
1799,GOOG,115.43550109863281,19350000,2021-05-19
1800,GOOG,117.80449676513672,23832000,2021-05-20
1801,GOOG,117.25499725341797,22832000,2021-05-21
1802,GOOG,120.33350372314453,21244000,2021-05-24
1803,GOOG,120.45349884033203,18838000,2021-05-25
1804,GOOG,121.67649841308594,21856000,2021-05-26
1805,GOOG,120.12550354003906,38962000,2021-05-27
1806,GOOG,120.5780029296875,24108000,2021-05-28
1807,GOOG,121.4905014038086,19166000,2021-06-01
1808,GOOG,121.06400299072266,17158000,2021-06-02
1809,GOOG,120.23049926757812,18346000,2021-06-03
1810,GOOG,122.58799743652344,25948000,2021-06-04
1811,GOOG,123.30449676513672,23850000,2021-06-07
1812,GOOG,124.14250183105469,25060000,2021-06-08
1813,GOOG,124.56999969482422,20126000,2021-06-09
1814,GOOG,126.08000183105469,31234000,2021-06-10
1815,GOOG,125.69650268554688,25240000,2021-06-11
1816,GOOG,126.35199737548828,22550000,2021-06-14
1817,GOOG,126.03299713134766,22182000,2021-06-15
1818,GOOG,125.69650268554688,26316000,2021-06-16
1819,GOOG,126.37100219726562,25756000,2021-06-17
1820,GOOG,125.56749725341797,53306000,2021-06-18
1821,GOOG,126.45500183105469,26256000,2021-06-21
1822,GOOG,126.99949645996094,20984000,2021-06-22
1823,GOOG,126.46150207519531,19694000,2021-06-23
1824,GOOG,127.28199768066406,18934000,2021-06-24
1825,GOOG,126.99500274658203,33484000,2021-06-25
1826,GOOG,126.81950378417969,28110000,2021-06-28
1827,GOOG,126.01850128173828,20950000,2021-06-29
1828,GOOG,125.31600189208984,24006000,2021-06-30
1829,GOOG,126.36849975585938,17120000,2021-07-01
1830,GOOG,128.718994140625,21160000,2021-07-02
1831,GOOG,129.77099609375,21350000,2021-07-06
1832,GOOG,130.07749938964844,16680000,2021-07-07
1833,GOOG,129.177001953125,19780000,2021-07-08
1834,GOOG,129.57449340820312,15106000,2021-07-09
1835,GOOG,130.56399536132812,16944000,2021-07-12
1836,GOOG,130.9945068359375,16618000,2021-07-13
1837,GOOG,132.08250427246094,17912000,2021-07-14
1838,GOOG,131.26649475097656,16586000,2021-07-15
1839,GOOG,131.8455047607422,14856000,2021-07-16
1840,GOOG,129.25399780273438,25710000,2021-07-19
1841,GOOG,131.10150146484375,19084000,2021-07-20
1842,GOOG,132.60049438476562,14742000,2021-07-21
1843,GOOG,133.32850646972656,13608000,2021-07-22
1844,GOOG,137.8159942626953,26378000,2021-07-23
1845,GOOG,139.64450073242188,23052000,2021-07-26
1846,GOOG,136.79649353027344,42164000,2021-07-27
1847,GOOG,136.38150024414062,54688000,2021-07-28
1848,GOOG,136.54049682617188,19284000,2021-07-29
1849,GOOG,135.2209930419922,23954000,2021-07-30
1850,GOOG,135.989501953125,20140000,2021-08-02
1851,GOOG,136.27999877929688,19064000,2021-08-03
1852,GOOG,136.02850341796875,16528000,2021-08-04
1853,GOOG,136.94000244140625,11866000,2021-08-05
1854,GOOG,137.03599548339844,13560000,2021-08-06
1855,GOOG,138.0019989013672,12374000,2021-08-09
1856,GOOG,138.09649658203125,16034000,2021-08-10
1857,GOOG,137.6894989013672,15204000,2021-08-11
1858,GOOG,138.38949584960938,14646000,2021-08-12
1859,GOOG,138.406005859375,12580000,2021-08-13
1860,GOOG,138.91600036621094,18040000,2021-08-16
1861,GOOG,137.30050659179688,21272000,2021-08-17
1862,GOOG,136.57000732421875,14934000,2021-08-18
1863,GOOG,136.9134979248047,18296000,2021-08-19
1864,GOOG,138.43699645996094,15564000,2021-08-20
1865,GOOG,141.09950256347656,21090000,2021-08-23
1866,GOOG,142.39849853515625,15126000,2021-08-24
1867,GOOG,142.9499969482422,12838000,2021-08-25
1868,GOOG,142.1230010986328,14922000,2021-08-26
1869,GOOG,144.55050659179688,24562000,2021-08-27
1870,GOOG,145.46949768066406,16916000,2021-08-30
1871,GOOG,145.46200561523438,26756000,2021-08-31
1872,GOOG,145.8419952392578,15824000,2021-09-01
1873,GOOG,144.218994140625,21844000,2021-09-02
1874,GOOG,144.77499389648438,19104000,2021-09-03
1875,GOOG,145.5189971923828,15170000,2021-09-07
1876,GOOG,144.8834991455078,15486000,2021-09-08
1877,GOOG,144.9134979248047,14798000,2021-09-09
1878,GOOG,141.92100524902344,32896000,2021-09-10
1879,GOOG,143.46499633789062,20176000,2021-09-13
1880,GOOG,143.406005859375,18916000,2021-09-14
1881,GOOG,145.20599365234375,20648000,2021-09-15
1882,GOOG,144.37350463867188,20292000,2021-09-16
1883,GOOG,141.4635009765625,60040000,2021-09-17
1884,GOOG,139.01699829101562,34918000,2021-09-20
1885,GOOG,139.64649963378906,18130000,2021-09-21
1886,GOOG,140.93850708007812,22068000,2021-09-22
1887,GOOG,141.82650756835938,17272000,2021-09-23
1888,GOOG,142.63299560546875,14950000,2021-09-24
1889,GOOG,141.50100708007812,18844000,2021-09-27
1890,GOOG,136.1840057373047,42190000,2021-09-28
1891,GOOG,134.52099609375,26338000,2021-09-29
1892,GOOG,133.2655029296875,35294000,2021-09-30
1893,GOOG,136.46249389648438,28388000,2021-10-01
1894,GOOG,133.76499938964844,31530000,2021-10-04
1895,GOOG,136.177001953125,24126000,2021-10-05
1896,GOOG,137.35400390625,19764000,2021-10-06
1897,GOOG,139.1855010986328,18250000,2021-10-07
1898,GOOG,140.05599975585938,18924000,2021-10-08
1899,GOOG,138.84750366210938,16584000,2021-10-11
1900,GOOG,136.71299743652344,22536000,2021-10-12
1901,GOOG,137.89999389648438,16380000,2021-10-13
1902,GOOG,141.41200256347656,21426000,2021-10-14
1903,GOOG,141.6750030517578,21250000,2021-10-15
1904,GOOG,142.9604949951172,16564000,2021-10-18
1905,GOOG,143.82200622558594,15316000,2021-10-19
1906,GOOG,142.4149932861328,17940000,2021-10-20
1907,GOOG,142.78050231933594,14850000,2021-10-21
1908,GOOG,138.625,30182000,2021-10-22
1909,GOOG,138.7729949951172,21082000,2021-10-25
1910,GOOG,139.6719970703125,28258000,2021-10-26
1911,GOOG,146.42750549316406,51850000,2021-10-27
1912,GOOG,146.12899780273438,32418000,2021-10-28
1913,GOOG,148.27049255371094,28954000,2021-10-29
1914,GOOG,143.7740020751953,32272000,2021-11-01
1915,GOOG,145.86300659179688,21150000,2021-11-02
1916,GOOG,146.7899932861328,17886000,2021-11-03
1917,GOOG,148.68299865722656,24700000,2021-11-04
1918,GOOG,149.24099731445312,20408000,2021-11-05
1919,GOOG,149.35150146484375,18388000,2021-11-08
1920,GOOG,149.24850463867188,16876000,2021-11-09
1921,GOOG,146.62600708007812,22708000,2021-11-10
1922,GOOG,146.7480010986328,12464000,2021-11-11
1923,GOOG,149.64549255371094,17048000,2021-11-12
1924,GOOG,149.38800048828125,16248000,2021-11-15
1925,GOOG,149.0760040283203,17254000,2021-11-16
1926,GOOG,149.06199645996094,15290000,2021-11-17
1927,GOOG,150.70899963378906,26658000,2021-11-18
1928,GOOG,149.95249938964844,19766000,2021-11-19
1929,GOOG,147.07850646972656,24608000,2021-11-22
1930,GOOG,146.7570037841797,18126000,2021-11-23
1931,GOOG,146.71749877929688,16464000,2021-11-24
1932,GOOG,142.80599975585938,16992000,2021-11-26
1933,GOOG,146.11399841308594,26276000,2021-11-29
1934,GOOG,142.45199584960938,41590000,2021-11-30
1935,GOOG,141.6179962158203,28476000,2021-12-01
1936,GOOG,143.77650451660156,21250000,2021-12-02
1937,GOOG,142.52049255371094,26688000,2021-12-03
1938,GOOG,143.79649353027344,22198000,2021-12-06
1939,GOOG,148.0364990234375,23258000,2021-12-07
1940,GOOG,148.7205047607422,18964000,2021-12-08
1941,GOOG,148.1060028076172,18580000,2021-12-09
1942,GOOG,148.6750030517578,21634000,2021-12-10
1943,GOOG,146.70449829101562,24104000,2021-12-13
1944,GOOG,144.9705047607422,24778000,2021-12-14
1945,GOOG,147.36849975585938,27280000,2021-12-15
1946,GOOG,144.8385009765625,27400000,2021-12-16
1947,GOOG,142.80299377441406,43404000,2021-12-17
1948,GOOG,142.40150451660156,20264000,2021-12-20
1949,GOOG,144.2205047607422,19548000,2021-12-21
1950,GOOG,146.94900512695312,18438000,2021-12-22
1951,GOOG,147.1425018310547,13818000,2021-12-23
1952,GOOG,148.06399536132812,13256000,2021-12-27
1953,GOOG,146.447998046875,18624000,2021-12-28
1954,GOOG,146.50450134277344,17022000,2021-12-29
1955,GOOG,146.00250244140625,12978000,2021-12-30
1956,GOOG,144.67950439453125,17298000,2021-12-31
1957,GOOG,145.07449340820312,25214000,2022-01-03
1958,GOOG,144.41650390625,22928000,2022-01-04
1959,GOOG,137.65350341796875,49642000,2022-01-05
1960,GOOG,137.55099487304688,29050000,2022-01-06
1961,GOOG,137.00450134277344,19408000,2022-01-07
1962,GOOG,138.57400512695312,34096000,2022-01-10
1963,GOOG,140.0175018310547,23502000,2022-01-11
1964,GOOG,141.6479949951172,23642000,2022-01-12
1965,GOOG,139.13099670410156,26566000,2022-01-13
1966,GOOG,139.7864990234375,23826000,2022-01-14
1967,GOOG,136.29049682617188,27382000,2022-01-18
1968,GOOG,135.65199279785156,20796000,2022-01-19
1969,GOOG,133.50650024414062,21930000,2022-01-20
1970,GOOG,130.0919952392578,41920000,2022-01-21
1971,GOOG,130.3719940185547,55148000,2022-01-24
1972,GOOG,126.7354965209961,36008000,2022-01-25
1973,GOOG,129.24000549316406,39630000,2022-01-26
1974,GOOG,129.12100219726562,30248000,2022-01-27
1975,GOOG,133.2895050048828,30518000,2022-01-28
1976,GOOG,135.69850158691406,34056000,2022-01-31
1977,GOOG,137.8784942626953,51204000,2022-02-01
1978,GOOG,148.0364990234375,89750000,2022-02-02
1979,GOOG,142.65049743652344,56930000,2022-02-03
1980,GOOG,143.01600646972656,49224000,2022-02-04
1981,GOOG,138.93800354003906,44610000,2022-02-07
1982,GOOG,139.21299743652344,34256000,2022-02-08
1983,GOOG,141.4530029296875,28628000,2022-02-09
1984,GOOG,138.6024932861328,33018000,2022-02-10
1985,GOOG,134.1300048828125,38808000,2022-02-11
1986,GOOG,135.3000030517578,26792000,2022-02-14
1987,GOOG,136.42550659179688,26578000,2022-02-15
1988,GOOG,137.4875030517578,25610000,2022-02-16
1989,GOOG,132.30850219726562,30968000,2022-02-17
1990,GOOG,130.46749877929688,31858000,2022-02-18
1991,GOOG,129.40249633789062,38906000,2022-02-22
1992,GOOG,127.58499908447266,26432000,2022-02-23
1993,GOOG,132.67349243164062,43166000,2022-02-24
1994,GOOG,134.51950073242188,26236000,2022-02-25
1995,GOOG,134.89100646972656,29676000,2022-02-28
